label,kernel,fill,altRun,constHex,bw_read_GBs,bw_write_GBs,bw_triad_GBs,bw_sustained_GBs,mem_w_steady,board_w_steady,mem_idle,mem_min,mem_max,n_steady,n_total
read_const_00,read,const,1,0x00000000,4526.1,4340.0,4142.1,4519.9,226.70,525.98,42.24,42.08,227.78,62,68
read_const_ff,read,const,1,0xFFFFFFFF,4525.5,4339.9,4144.5,4519.8,228.81,544.25,45.31,44.88,230.40,62,68
read_rand,read,rand,1,0x00000000,4523.3,4338.1,4142.0,4510.6,255.22,699.33,44.95,44.29,256.81,62,68
read_alt_w1,read,alt,1,0x00000000,4524.8,3270.1,4141.4,4519.5,234.42,554.19,46.03,45.47,236.10,62,68
read_alt_w2,read,alt,2,0x00000000,4527.8,3270.5,4141.4,4519.8,231.66,545.51,45.19,44.29,233.23,62,68
read_alt_w4,read,alt,4,0x00000000,4522.8,3275.4,4145.2,4520.1,239.51,545.79,45.14,44.61,240.85,62,68
read_alt_w8,read,alt,8,0x00000000,4524.0,3270.8,4141.0,4519.9,256.46,615.26,45.03,44.80,258.47,62,68
read_alt_w16,read,alt,16,0x00000000,4524.3,3270.6,4142.1,4520.1,245.91,601.17,45.35,44.87,247.31,62,68
read_alt_w32,read,alt,32,0x00000000,4524.8,3269.8,4142.7,4519.8,239.36,585.94,45.04,44.42,241.34,62,68
write_const_00,write,const,1,0x00000000,4524.4,4338.2,4141.0,4327.5,189.30,479.88,44.86,44.21,203.58,63,68
write_alt_w1,write,alt,1,0x00000000,4524.5,3268.4,4142.7,3256.5,166.25,619.33,44.86,44.24,212.29,62,68
write_alt_w8,write,alt,8,0x00000000,4527.7,3270.2,4142.1,3258.3,177.16,686.86,44.85,44.37,224.96,62,68
copy_const,copy,const,1,0x00000000,4524.5,4342.8,4142.3,3977.2,194.43,462.74,45.09,44.47,204.77,63,68
copy_rand,copy,rand,1,0x00000000,4523.5,4333.7,4140.5,3977.5,212.81,667.00,44.88,44.62,219.41,62,68
triad_const,triad,const,1,0x00000000,4523.5,4340.4,4143.8,4132.7,204.37,478.24,45.39,44.56,205.21,63,68
triad_rand,triad,rand,1,0x00000000,4525.4,4332.6,4141.5,4132.7,222.49,693.51,44.95,44.26,223.67,63,68
