timestamp,command,channel_id,pseudochannel_id,bankgroup_id,bank_id,row_id,column_id
0,REFA,0,0,0,0,0,0
1248,NOP,0,0,0,0,0,0
2496,NOP,0,0,0,0,0,0
3744,NOP,0,0,0,0,0,0
4992,NOP,0,0,0,0,0,0
6240,REFA,0,0,0,0,0,0
7488,NOP,0,0,0,0,0,0
8736,NOP,0,0,0,0,0,0
9984,NOP,0,0,0,0,0,0
11232,NOP,0,0,0,0,0,0
12480,REFA,0,0,0,0,0,0
13728,NOP,0,0,0,0,0,0
14976,NOP,0,0,0,0,0,0
16224,NOP,0,0,0,0,0,0
17472,NOP,0,0,0,0,0,0
18720,REFA,0,0,0,0,0,0
19968,NOP,0,0,0,0,0,0
21216,NOP,0,0,0,0,0,0
22464,NOP,0,0,0,0,0,0
23712,NOP,0,0,0,0,0,0
24960,REFA,0,0,0,0,0,0
26208,NOP,0,0,0,0,0,0
27456,NOP,0,0,0,0,0,0
28704,NOP,0,0,0,0,0,0
29952,NOP,0,0,0,0,0,0
31200,REFA,0,0,0,0,0,0
32448,NOP,0,0,0,0,0,0
33696,NOP,0,0,0,0,0,0
34944,NOP,0,0,0,0,0,0
36192,NOP,0,0,0,0,0,0
37440,REFA,0,0,0,0,0,0
38688,NOP,0,0,0,0,0,0
39936,NOP,0,0,0,0,0,0
41184,NOP,0,0,0,0,0,0
42432,NOP,0,0,0,0,0,0
43680,REFA,0,0,0,0,0,0
44928,NOP,0,0,0,0,0,0
46176,NOP,0,0,0,0,0,0
47424,NOP,0,0,0,0,0,0
48672,NOP,0,0,0,0,0,0
49920,REFA,0,0,0,0,0,0
51168,NOP,0,0,0,0,0,0
52416,NOP,0,0,0,0,0,0
53664,NOP,0,0,0,0,0,0
54912,NOP,0,0,0,0,0,0
56160,REFA,0,0,0,0,0,0
57408,NOP,0,0,0,0,0,0
58656,NOP,0,0,0,0,0,0
59904,NOP,0,0,0,0,0,0
61152,NOP,0,0,0,0,0,0
62400,REFA,0,0,0,0,0,0
63648,NOP,0,0,0,0,0,0
64896,NOP,0,0,0,0,0,0
66144,NOP,0,0,0,0,0,0
67392,NOP,0,0,0,0,0,0
68640,REFA,0,0,0,0,0,0
69888,NOP,0,0,0,0,0,0
71136,NOP,0,0,0,0,0,0
72384,NOP,0,0,0,0,0,0
73632,NOP,0,0,0,0,0,0
74880,REFA,0,0,0,0,0,0
76128,NOP,0,0,0,0,0,0
77376,NOP,0,0,0,0,0,0
78624,NOP,0,0,0,0,0,0
79872,NOP,0,0,0,0,0,0
81120,REFA,0,0,0,0,0,0
82368,NOP,0,0,0,0,0,0
83616,NOP,0,0,0,0,0,0
84864,NOP,0,0,0,0,0,0
86112,NOP,0,0,0,0,0,0
87360,REFA,0,0,0,0,0,0
88608,NOP,0,0,0,0,0,0
89856,NOP,0,0,0,0,0,0
91104,NOP,0,0,0,0,0,0
92352,NOP,0,0,0,0,0,0
93600,REFA,0,0,0,0,0,0
94848,NOP,0,0,0,0,0,0
96096,NOP,0,0,0,0,0,0
97344,NOP,0,0,0,0,0,0
98592,NOP,0,0,0,0,0,0
99840,END,0,0,0,0,0,0
