beat_pattern,col1_inverted,mean_idd_mA,n_chips
0000,0,2540.8,3150
0000,1,3468.7,3149
0001,0,3296.2,3149
0001,1,4091.6,3150
0010,0,3289.7,3150
0010,1,3910.8,3150
0011,0,3660.6,3150
0011,1,4032.0,3150
0100,0,3285.3,3150
0100,1,3931.4,3150
0101,0,3270.8,3150
0101,1,4170.7,3149
0110,0,3672.2,30605
0110,1,4370.4,3150
0111,0,3291.5,3149
0111,1,4113.8,3150
1000,0,3277.2,3150
1000,1,4103.8,3150
1001,0,3692.5,3149
1001,1,4371.4,3150
1010,0,3265.7,3150
1010,1,4168.3,3150
1011,0,3296.7,3149
1011,1,3940.4,3150
1100,0,3652.7,3150
1100,1,4025.5,3149
1101,0,3294.0,3149
1101,1,3917.0,3150
1110,0,3292.8,3150
1110,1,4089.3,3150
1111,0,2554.4,3149
1111,1,3478.4,3150
