chip_id,test_name,power_vdd_avg
0,act_hammer,1823.87
0,interleaved,2126.36
0,streaming_all_banks,2361.43
0,streaming_reads,2290.88
0,wr_rd_turnaround,2130.09
0,ws_bg0_bg2,3042.21
1,act_hammer,1823.93
1,interleaved,2129.31
1,streaming_all_banks,2367.98
1,streaming_reads,2281.85
1,wr_rd_turnaround,2130.75
1,ws_bg0_bg2,3009.12
2,act_hammer,1361.57
2,interleaved,1649.75
2,streaming_all_banks,1873.74
2,streaming_reads,1800.84
2,wr_rd_turnaround,1642.43
2,ws_bg0_bg2,2527.08
3,act_hammer,1367.52
3,interleaved,1674.13
3,streaming_all_banks,1896.26
3,streaming_reads,1825.10
3,wr_rd_turnaround,1659.48
3,ws_bg0_bg2,2526.36
4,act_hammer,1745.44
4,interleaved,2049.47
4,streaming_all_banks,2286.20
4,streaming_reads,2210.00
4,wr_rd_turnaround,2043.10
4,ws_bg0_bg2,2930.66
5,act_hammer,1754.46
5,interleaved,2058.27
5,streaming_all_banks,2304.47
5,streaming_reads,2213.52
5,wr_rd_turnaround,2056.68
5,ws_bg0_bg2,2968.10
6,act_hammer,1898.98
6,interleaved,2206.51
6,streaming_all_banks,2421.91
6,streaming_reads,2371.12
6,wr_rd_turnaround,2214.87
6,ws_bg0_bg2,3133.43
7,act_hammer,1929.75
7,interleaved,2200.74
7,streaming_all_banks,2428.76
7,streaming_reads,2364.28
7,wr_rd_turnaround,2207.11
7,ws_bg0_bg2,3098.52
8,act_hammer,1798.86
8,interleaved,2099.99
8,streaming_all_banks,2332.38
8,streaming_reads,2245.20
8,wr_rd_turnaround,2083.68
8,ws_bg0_bg2,2975.94
9,act_hammer,1795.74
9,interleaved,2077.20
9,streaming_all_banks,2314.45
9,streaming_reads,2241.66
9,wr_rd_turnaround,2075.15
9,ws_bg0_bg2,2954.02
10,act_hammer,1486.39
10,interleaved,1770.07
10,streaming_all_banks,1995.40
10,streaming_reads,1915.90
10,wr_rd_turnaround,1745.67
10,ws_bg0_bg2,2622.04
11,act_hammer,1485.64
11,interleaved,1774.36
11,streaming_all_banks,1987.43
11,streaming_reads,1894.27
11,wr_rd_turnaround,1762.12
11,ws_bg0_bg2,2598.19
12,act_hammer,1942.43
12,interleaved,2234.16
12,streaming_all_banks,2448.89
12,streaming_reads,2375.63
12,wr_rd_turnaround,2228.63
12,ws_bg0_bg2,3088.42
13,act_hammer,1951.33
13,interleaved,2234.22
13,streaming_all_banks,2461.45
13,streaming_reads,2371.85
13,wr_rd_turnaround,2240.71
13,ws_bg0_bg2,3087.64
16,act_hammer,1557.52
16,interleaved,1853.38
16,streaming_all_banks,2079.83
16,streaming_reads,2000.45
16,wr_rd_turnaround,1840.11
16,ws_bg0_bg2,2706.75
17,act_hammer,1536.86
17,interleaved,1851.16
17,streaming_all_banks,2073.59
17,streaming_reads,2008.37
17,wr_rd_turnaround,1852.60
17,ws_bg0_bg2,2767.88
19,act_hammer,1746.15
19,interleaved,2045.87
19,streaming_all_banks,2265.59
19,streaming_reads,2188.90
19,wr_rd_turnaround,2027.05
19,ws_bg0_bg2,2946.88
20,act_hammer,1926.40
20,interleaved,2229.16
20,streaming_all_banks,2451.65
20,streaming_reads,2384.05
20,wr_rd_turnaround,2230.60
20,ws_bg0_bg2,3129.92
21,act_hammer,1921.01
21,interleaved,2212.92
21,streaming_all_banks,2452.44
21,streaming_reads,2373.04
21,wr_rd_turnaround,2224.71
21,ws_bg0_bg2,3089.86
24,act_hammer,1504.35
24,interleaved,1788.80
24,streaming_all_banks,2030.96
24,streaming_reads,1959.57
24,wr_rd_turnaround,1797.16
24,ws_bg0_bg2,2669.52
25,act_hammer,1509.65
25,interleaved,1794.27
25,streaming_all_banks,2040.05
25,streaming_reads,1967.87
25,wr_rd_turnaround,1805.40
25,ws_bg0_bg2,2715.59
26,act_hammer,1437.47
26,interleaved,1769.46
26,streaming_all_banks,1960.34
26,streaming_reads,1969.54
26,wr_rd_turnaround,1736.89
26,ws_bg0_bg2,2864.43
27,act_hammer,1458.45
27,interleaved,1873.98
27,streaming_all_banks,1969.42
27,streaming_reads,2117.44
27,wr_rd_turnaround,1733.22
27,ws_bg0_bg2,3264.21
28,act_hammer,1535.45
28,interleaved,1833.43
28,streaming_all_banks,2058.81
28,streaming_reads,1968.71
28,wr_rd_turnaround,1830.42
28,ws_bg0_bg2,2714.63
29,act_hammer,1543.75
29,interleaved,1858.27
29,streaming_all_banks,2063.69
29,streaming_reads,2016.83
29,wr_rd_turnaround,1832.47
29,ws_bg0_bg2,2796.97
30,act_hammer,1572.56
30,interleaved,1884.08
30,streaming_all_banks,2108.92
30,streaming_reads,2022.42
30,wr_rd_turnaround,1868.50
30,ws_bg0_bg2,2755.95
31,act_hammer,1569.01
31,interleaved,1865.37
31,streaming_all_banks,2086.24
31,streaming_reads,2015.57
31,wr_rd_turnaround,1876.02
31,ws_bg0_bg2,2758.72
32,act_hammer,1438.31
32,interleaved,1741.28
32,streaming_all_banks,1972.96
32,streaming_reads,1908.90
32,wr_rd_turnaround,1726.13
32,ws_bg0_bg2,2703.36
33,act_hammer,1428.94
33,interleaved,1741.22
33,streaming_all_banks,1971.28
33,streaming_reads,1914.97
33,wr_rd_turnaround,1745.06
33,ws_bg0_bg2,2713.58
34,act_hammer,1977.63
34,interleaved,2286.10
34,streaming_all_banks,2493.58
34,streaming_reads,2402.36
34,wr_rd_turnaround,2256.50
34,ws_bg0_bg2,3129.21
35,act_hammer,1960.09
35,interleaved,2300.94
35,streaming_all_banks,2491.95
35,streaming_reads,2453.34
35,wr_rd_turnaround,2279.26
35,ws_bg0_bg2,3305.33
36,act_hammer,2000.07
36,interleaved,2300.99
36,streaming_all_banks,2530.15
36,streaming_reads,2426.24
36,wr_rd_turnaround,2269.68
36,ws_bg0_bg2,3198.64
37,act_hammer,2015.99
37,interleaved,2314.21
37,streaming_all_banks,2530.09
37,streaming_reads,2470.86
37,wr_rd_turnaround,2309.34
37,ws_bg0_bg2,3248.16
38,act_hammer,1695.99
38,interleaved,2021.34
38,streaming_all_banks,2242.57
38,streaming_reads,2150.39
38,wr_rd_turnaround,2031.85
38,ws_bg0_bg2,2873.33
39,act_hammer,1730.40
39,interleaved,2029.51
39,streaming_all_banks,2240.22
39,streaming_reads,2180.48
39,wr_rd_turnaround,2023.32
39,ws_bg0_bg2,2879.22
0,llm_rand,4512.75
2,llm_rand,4050.07
4,llm_rand,4486.82
6,llm_rand,4680.06
8,llm_rand,4491.74
10,llm_rand,4160.65
12,llm_rand,4702.95
14,llm_rand,4266.39
16,llm_rand,4229.64
18,llm_rand,4374.9
20,llm_rand,4618.37
24,llm_rand,4174.42
26,llm_rand,4063.11
28,llm_rand,4153.11
32,llm_rand,4041.06
34,llm_rand,4661.44
36,llm_rand,4642.81
38,llm_rand,4357.82
0,llm_zeros,3332.87
2,llm_zeros,2920.86
4,llm_zeros,3296.22
6,llm_zeros,3537.11
8,llm_zeros,3350.79
10,llm_zeros,2994.97
12,llm_zeros,3560.88
14,llm_zeros,2957.16
16,llm_zeros,3014.51
18,llm_zeros,3245.4
20,llm_zeros,3476.67
24,llm_zeros,3056.12
26,llm_zeros,2873.98
28,llm_zeros,2948.32
32,llm_zeros,2897.3
34,llm_zeros,3448.02
36,llm_zeros,3499.55
38,llm_zeros,3192.79
0,llama8Bshort_runner_pc0_bs128_ctx1024_data_zeros,3393.04
2,llama8Bshort_runner_pc0_bs128_ctx1024_data_zeros,2943.18
4,llama8Bshort_runner_pc0_bs128_ctx1024_data_zeros,3379.6
6,llama8Bshort_runner_pc0_bs128_ctx1024_data_zeros,3367.57
8,llama8Bshort_runner_pc0_bs128_ctx1024_data_zeros,3327.05
10,llama8Bshort_runner_pc0_bs128_ctx1024_data_zeros,3007.5
12,llama8Bshort_runner_pc0_bs128_ctx1024_data_zeros,3486.96
14,llama8Bshort_runner_pc0_bs128_ctx1024_data_zeros,3055.36
16,llama8Bshort_runner_pc0_bs128_ctx1024_data_zeros,3041.06
18,llama8Bshort_runner_pc0_bs128_ctx1024_data_zeros,3185.56
20,llama8Bshort_runner_pc0_bs128_ctx1024_data_zeros,3426.85
24,llama8Bshort_runner_pc0_bs128_ctx1024_data_zeros,3019.78
26,llama8Bshort_runner_pc0_bs128_ctx1024_data_zeros,2910.08
28,llama8Bshort_runner_pc0_bs128_ctx1024_data_zeros,2937.28
32,llama8Bshort_runner_pc0_bs128_ctx1024_data_zeros,2861.23
34,llama8Bshort_runner_pc0_bs128_ctx1024_data_zeros,3473.48
36,llama8Bshort_runner_pc0_bs128_ctx1024_data_zeros,3548.54
38,llama8Bshort_runner_pc0_bs128_ctx1024_data_zeros,3218.41
0,llama8Bshort_runner_pc0_bs16_ctx1024_data_zeros,3380.71
2,llama8Bshort_runner_pc0_bs16_ctx1024_data_zeros,2918.92
4,llama8Bshort_runner_pc0_bs16_ctx1024_data_zeros,3415.1
6,llama8Bshort_runner_pc0_bs16_ctx1024_data_zeros,3464.35
8,llama8Bshort_runner_pc0_bs16_ctx1024_data_zeros,3374.53
10,llama8Bshort_runner_pc0_bs16_ctx1024_data_zeros,3056.13
12,llama8Bshort_runner_pc0_bs16_ctx1024_data_zeros,3487.83
14,llama8Bshort_runner_pc0_bs16_ctx1024_data_zeros,3103.74
16,llama8Bshort_runner_pc0_bs16_ctx1024_data_zeros,3076.09
18,llama8Bshort_runner_pc0_bs16_ctx1024_data_zeros,3209.34
20,llama8Bshort_runner_pc0_bs16_ctx1024_data_zeros,3439.14
24,llama8Bshort_runner_pc0_bs16_ctx1024_data_zeros,2984.68
26,llama8Bshort_runner_pc0_bs16_ctx1024_data_zeros,2910.04
28,llama8Bshort_runner_pc0_bs16_ctx1024_data_zeros,2971.9
32,llama8Bshort_runner_pc0_bs16_ctx1024_data_zeros,2826.59
34,llama8Bshort_runner_pc0_bs16_ctx1024_data_zeros,3473.49
36,llama8Bshort_runner_pc0_bs16_ctx1024_data_zeros,3524.79
38,llama8Bshort_runner_pc0_bs16_ctx1024_data_zeros,3241.87
0,llama8Bshort_runner_pc0_bs1_ctx1024_data_zeros,3357.2
2,llama8Bshort_runner_pc0_bs1_ctx1024_data_zeros,2919.17
4,llama8Bshort_runner_pc0_bs1_ctx1024_data_zeros,3524.79
6,llama8Bshort_runner_pc0_bs1_ctx1024_data_zeros,3332.31
8,llama8Bshort_runner_pc0_bs1_ctx1024_data_zeros,3338.78
10,llama8Bshort_runner_pc0_bs1_ctx1024_data_zeros,2971.41
12,llama8Bshort_runner_pc0_bs1_ctx1024_data_zeros,3498.69
14,llama8Bshort_runner_pc0_bs1_ctx1024_data_zeros,3067.91
16,llama8Bshort_runner_pc0_bs1_ctx1024_data_zeros,3074.83
18,llama8Bshort_runner_pc0_bs1_ctx1024_data_zeros,3174.33
20,llama8Bshort_runner_pc0_bs1_ctx1024_data_zeros,3391.34
24,llama8Bshort_runner_pc0_bs1_ctx1024_data_zeros,2995.97
26,llama8Bshort_runner_pc0_bs1_ctx1024_data_zeros,2923.29
28,llama8Bshort_runner_pc0_bs1_ctx1024_data_zeros,2936.79
32,llama8Bshort_runner_pc0_bs1_ctx1024_data_zeros,2861.72
34,llama8Bshort_runner_pc0_bs1_ctx1024_data_zeros,3484.33
36,llama8Bshort_runner_pc0_bs1_ctx1024_data_zeros,3511.87
38,llama8Bshort_runner_pc0_bs1_ctx1024_data_zeros,3242.42
0,llama8Bshort_runner_pc0_bs2_ctx1024_data_zeros,3333.71
2,llama8Bshort_runner_pc0_bs2_ctx1024_data_zeros,2907.86
4,llama8Bshort_runner_pc0_bs2_ctx1024_data_zeros,3380.43
6,llama8Bshort_runner_pc0_bs2_ctx1024_data_zeros,3404.49
8,llama8Bshort_runner_pc0_bs2_ctx1024_data_zeros,3363.08
10,llama8Bshort_runner_pc0_bs2_ctx1024_data_zeros,3019.28
12,llama8Bshort_runner_pc0_bs2_ctx1024_data_zeros,3462.91
14,llama8Bshort_runner_pc0_bs2_ctx1024_data_zeros,3042.83
16,llama8Bshort_runner_pc0_bs2_ctx1024_data_zeros,3063.82
18,llama8Bshort_runner_pc0_bs2_ctx1024_data_zeros,3220.28
20,llama8Bshort_runner_pc0_bs2_ctx1024_data_zeros,3402.79
24,llama8Bshort_runner_pc0_bs2_ctx1024_data_zeros,2996.2
26,llama8Bshort_runner_pc0_bs2_ctx1024_data_zeros,2887.2
28,llama8Bshort_runner_pc0_bs2_ctx1024_data_zeros,3009.5
32,llama8Bshort_runner_pc0_bs2_ctx1024_data_zeros,2849.21
34,llama8Bshort_runner_pc0_bs2_ctx1024_data_zeros,3460.88
36,llama8Bshort_runner_pc0_bs2_ctx1024_data_zeros,3487.26
38,llama8Bshort_runner_pc0_bs2_ctx1024_data_zeros,3205.86
0,llama8Bshort_runner_pc0_bs32_ctx1024_data_zeros,3356.37
2,llama8Bshort_runner_pc0_bs32_ctx1024_data_zeros,2931.41
4,llama8Bshort_runner_pc0_bs32_ctx1024_data_zeros,3355.82
6,llama8Bshort_runner_pc0_bs32_ctx1024_data_zeros,3463.49
8,llama8Bshort_runner_pc0_bs32_ctx1024_data_zeros,3325.95
10,llama8Bshort_runner_pc0_bs32_ctx1024_data_zeros,2983.69
12,llama8Bshort_runner_pc0_bs32_ctx1024_data_zeros,3487.83
14,llama8Bshort_runner_pc0_bs32_ctx1024_data_zeros,3103.23
16,llama8Bshort_runner_pc0_bs32_ctx1024_data_zeros,3052.82
18,llama8Bshort_runner_pc0_bs32_ctx1024_data_zeros,3257.15
20,llama8Bshort_runner_pc0_bs32_ctx1024_data_zeros,3402.21
24,llama8Bshort_runner_pc0_bs32_ctx1024_data_zeros,3008.24
26,llama8Bshort_runner_pc0_bs32_ctx1024_data_zeros,2910.06
28,llama8Bshort_runner_pc0_bs32_ctx1024_data_zeros,2961.1
32,llama8Bshort_runner_pc0_bs32_ctx1024_data_zeros,2861.94
34,llama8Bshort_runner_pc0_bs32_ctx1024_data_zeros,3424.84
36,llama8Bshort_runner_pc0_bs32_ctx1024_data_zeros,3500.14
38,llama8Bshort_runner_pc0_bs32_ctx1024_data_zeros,3194.39
0,llama8Bshort_runner_pc0_bs4_ctx1024_data_zeros,3345.74
2,llama8Bshort_runner_pc0_bs4_ctx1024_data_zeros,2906.66
4,llama8Bshort_runner_pc0_bs4_ctx1024_data_zeros,3355.81
6,llama8Bshort_runner_pc0_bs4_ctx1024_data_zeros,3392.17
8,llama8Bshort_runner_pc0_bs4_ctx1024_data_zeros,3351.07
10,llama8Bshort_runner_pc0_bs4_ctx1024_data_zeros,3031.56
12,llama8Bshort_runner_pc0_bs4_ctx1024_data_zeros,3475.52
14,llama8Bshort_runner_pc0_bs4_ctx1024_data_zeros,3103.22
16,llama8Bshort_runner_pc0_bs4_ctx1024_data_zeros,3087.61
18,llama8Bshort_runner_pc0_bs4_ctx1024_data_zeros,3257.69
20,llama8Bshort_runner_pc0_bs4_ctx1024_data_zeros,3438.85
24,llama8Bshort_runner_pc0_bs4_ctx1024_data_zeros,3009.49
26,llama8Bshort_runner_pc0_bs4_ctx1024_data_zeros,2885.99
28,llama8Bshort_runner_pc0_bs4_ctx1024_data_zeros,2961.11
32,llama8Bshort_runner_pc0_bs4_ctx1024_data_zeros,2874.7
34,llama8Bshort_runner_pc0_bs4_ctx1024_data_zeros,3436.3
36,llama8Bshort_runner_pc0_bs4_ctx1024_data_zeros,3464.34
38,llama8Bshort_runner_pc0_bs4_ctx1024_data_zeros,3157.84
0,llama8Bshort_runner_pc0_bs64_ctx1024_data_zeros,3380.98
2,llama8Bshort_runner_pc0_bs64_ctx1024_data_zeros,2943.18
4,llama8Bshort_runner_pc0_bs64_ctx1024_data_zeros,3331.76
6,llama8Bshort_runner_pc0_bs64_ctx1024_data_zeros,3427.98
8,llama8Bshort_runner_pc0_bs64_ctx1024_data_zeros,3362.79
10,llama8Bshort_runner_pc0_bs64_ctx1024_data_zeros,3008.0
12,llama8Bshort_runner_pc0_bs64_ctx1024_data_zeros,3499.28
14,llama8Bshort_runner_pc0_bs64_ctx1024_data_zeros,3042.83
16,llama8Bshort_runner_pc0_bs64_ctx1024_data_zeros,3053.08
18,llama8Bshort_runner_pc0_bs64_ctx1024_data_zeros,3210.42
20,llama8Bshort_runner_pc0_bs64_ctx1024_data_zeros,3462.36
24,llama8Bshort_runner_pc0_bs64_ctx1024_data_zeros,2996.22
26,llama8Bshort_runner_pc0_bs64_ctx1024_data_zeros,2946.87
28,llama8Bshort_runner_pc0_bs64_ctx1024_data_zeros,2961.59
32,llama8Bshort_runner_pc0_bs64_ctx1024_data_zeros,2873.48
34,llama8Bshort_runner_pc0_bs64_ctx1024_data_zeros,3508.97
36,llama8Bshort_runner_pc0_bs64_ctx1024_data_zeros,3500.45
38,llama8Bshort_runner_pc0_bs64_ctx1024_data_zeros,3218.68
0,llama8Bshort_runner_pc0_bs8_ctx1024_data_zeros,3344.62
2,llama8Bshort_runner_pc0_bs8_ctx1024_data_zeros,2872.07
4,llama8Bshort_runner_pc0_bs8_ctx1024_data_zeros,3380.43
6,llama8Bshort_runner_pc0_bs8_ctx1024_data_zeros,3452.03
8,llama8Bshort_runner_pc0_bs8_ctx1024_data_zeros,3339.06
10,llama8Bshort_runner_pc0_bs8_ctx1024_data_zeros,3007.76
12,llama8Bshort_runner_pc0_bs8_ctx1024_data_zeros,3513.06
14,llama8Bshort_runner_pc0_bs8_ctx1024_data_zeros,3103.48
16,llama8Bshort_runner_pc0_bs8_ctx1024_data_zeros,3052.31
18,llama8Bshort_runner_pc0_bs8_ctx1024_data_zeros,3198.13
20,llama8Bshort_runner_pc0_bs8_ctx1024_data_zeros,3426.84
24,llama8Bshort_runner_pc0_bs8_ctx1024_data_zeros,3044.11
26,llama8Bshort_runner_pc0_bs8_ctx1024_data_zeros,2898.5
28,llama8Bshort_runner_pc0_bs8_ctx1024_data_zeros,2936.53
32,llama8Bshort_runner_pc0_bs8_ctx1024_data_zeros,2861.96
34,llama8Bshort_runner_pc0_bs8_ctx1024_data_zeros,3472.32
36,llama8Bshort_runner_pc0_bs8_ctx1024_data_zeros,3500.73
38,llama8Bshort_runner_pc0_bs8_ctx1024_data_zeros,3218.16
