chip_id,sample_id,temperature,idd,ipp
0,0,56.0,937.0,3129.6
0,1,56.0,930.0,3166.8
0,2,56.0,919.0,3180.4
0,3,56.0,934.0,3173.2
0,4,56.0,938.0,3167.6
0,5,56.0,934.0,3166.8
0,6,56.0,938.0,3164.4
0,7,56.0,936.0,3168.4
0,8,56.0,937.0,3168.8
0,9,56.0,942.0,3162.8
0,10,56.0,946.0,3160.4
0,11,56.0,947.0,3161.2
0,12,56.0,948.0,3160.4
0,13,56.0,948.0,3161.2
0,14,56.0,948.0,3160.8
0,15,56.0,946.0,3162.4
0,16,56.0,948.0,3160.8
0,17,56.0,948.0,3162.0
0,18,56.0,947.0,3161.6
0,19,56.0,947.0,3161.2
0,20,56.0,946.0,3161.2
0,21,56.0,945.0,3162.0
0,22,56.0,944.0,3162.4
0,23,56.0,943.0,3162.8
0,24,56.0,945.0,3161.6
0,25,56.0,945.0,3161.2
0,26,56.0,946.0,3161.6
0,27,56.0,946.0,3160.8
0,28,56.0,945.0,3162.0
0,29,56.0,944.0,3162.0
0,30,56.0,944.0,3161.6
0,31,56.0,944.0,3162.4
0,32,56.0,943.0,3163.2
0,33,56.0,943.0,3163.2
0,34,56.0,943.0,3163.2
0,35,56.0,944.0,3162.4
0,36,56.0,942.0,3163.6
0,37,56.0,942.0,3164.0
0,38,56.0,941.0,3164.0
0,39,56.0,941.0,3164.8
0,40,56.0,959.0,3178.8
0,41,56.0,963.0,3167.2
0,42,56.0,951.0,3175.2
0,43,56.0,938.0,3177.6
0,44,56.0,938.0,3178.0
0,45,56.0,937.0,3180.4
0,46,56.0,938.0,3179.2
0,47,56.0,937.0,3176.0
0,48,56.0,937.0,3174.8
0,49,56.0,937.0,3175.2
0,50,56.0,936.0,3176.0
0,51,56.0,936.0,3175.2
0,52,56.0,937.0,3173.6
0,53,56.0,937.0,3173.2
0,54,56.0,935.0,3173.6
0,55,56.0,937.0,3172.0
0,56,56.0,934.0,3172.8
0,57,56.0,934.0,3172.4
0,58,56.0,936.0,3171.6
0,59,56.0,937.0,3170.8
0,60,56.0,938.0,3170.8
0,61,56.0,939.0,3168.4
0,62,56.0,939.0,3166.8
0,63,56.0,938.0,3167.2
0,64,56.0,938.0,3166.0
0,65,56.0,938.0,3166.0
0,66,56.0,937.0,3167.6
0,67,56.0,935.0,3168.4
0,68,56.0,934.0,3169.6
0,69,56.0,933.0,3169.6
0,70,56.0,933.0,3169.6
0,71,56.0,932.0,3170.0
0,72,56.0,932.0,3168.8
0,73,56.0,930.0,3169.6
0,74,56.0,929.0,3170.4
0,75,56.0,929.0,3170.4
0,76,56.0,929.0,3170.4
0,77,56.0,928.0,3171.6
0,78,56.0,928.0,3172.0
0,79,56.0,928.0,3172.8
0,80,56.0,930.0,3159.6
0,81,56.0,954.0,3158.8
0,82,56.0,956.0,3153.2
0,83,56.0,956.0,3157.2
0,84,56.0,953.0,3160.8
0,85,56.0,949.0,3165.2
0,86,56.0,947.0,3161.6
0,87,56.0,944.0,3165.6
0,88,56.0,944.0,3163.2
0,89,56.0,940.0,3164.4
0,90,56.0,937.0,3168.0
2,0,51.0,512.0,3247.6
2,1,52.0,540.0,3268.8
2,2,52.0,550.0,3254.4
2,3,52.0,548.0,3255.2
2,4,51.0,546.0,3251.6
2,5,51.0,546.0,3248.4
2,6,51.0,542.0,3248.4
2,7,51.0,544.0,3239.2
2,8,52.0,547.0,3244.4
2,9,52.0,543.0,3249.6
2,10,51.0,542.0,3250.4
2,11,51.0,541.0,3250.0
2,12,51.0,539.0,3255.6
2,13,51.0,540.0,3252.8
2,14,52.0,537.0,3255.2
2,15,51.0,534.0,3255.2
2,16,51.0,533.0,3256.0
2,17,51.0,535.0,3255.2
2,18,51.0,538.0,3249.6
2,19,51.0,538.0,3249.6
2,20,51.0,537.0,3254.8
2,21,51.0,538.0,3255.2
2,22,51.0,538.0,3255.2
2,23,51.0,536.0,3257.2
2,24,51.0,538.0,3257.2
2,25,51.0,537.0,3258.0
2,26,51.0,538.0,3256.8
2,27,51.0,539.0,3256.8
2,28,52.0,539.0,3257.2
2,29,52.0,539.0,3257.6
2,30,51.0,538.0,3258.8
2,31,51.0,539.0,3257.2
2,32,52.0,539.0,3256.8
2,33,51.0,539.0,3256.8
2,34,51.0,539.0,3256.4
2,35,51.0,538.0,3256.8
2,36,51.0,538.0,3256.4
2,37,51.0,538.0,3256.0
2,38,52.0,537.0,3257.2
2,39,51.0,536.0,3258.0
2,40,52.0,530.0,3244.8
2,41,51.0,540.0,3234.8
2,42,52.0,534.0,3256.4
2,43,51.0,535.0,3258.0
2,44,51.0,530.0,3264.8
2,45,51.0,532.0,3262.4
2,46,52.0,528.0,3265.2
2,47,51.0,534.0,3262.0
2,48,52.0,535.0,3261.2
2,49,52.0,534.0,3257.6
2,50,51.0,536.0,3257.2
2,51,51.0,535.0,3251.6
2,52,51.0,532.0,3254.8
2,53,51.0,532.0,3254.4
2,54,51.0,531.0,3254.8
2,55,51.0,532.0,3258.4
2,56,51.0,535.0,3256.8
2,57,51.0,536.0,3256.8
2,58,51.0,537.0,3256.0
2,59,51.0,538.0,3255.2
2,60,52.0,539.0,3255.2
2,61,51.0,538.0,3255.6
2,62,51.0,538.0,3256.0
2,63,51.0,538.0,3256.0
2,64,52.0,538.0,3255.2
2,65,51.0,537.0,3255.6
2,66,51.0,538.0,3255.2
2,67,51.0,537.0,3255.6
2,68,51.0,536.0,3255.6
2,69,51.0,537.0,3255.6
2,70,51.0,537.0,3258.0
2,71,51.0,538.0,3257.6
2,72,52.0,539.0,3256.8
2,73,51.0,540.0,3256.0
2,74,51.0,540.0,3256.0
2,75,51.0,540.0,3256.4
2,76,52.0,540.0,3256.0
2,77,52.0,539.0,3256.8
2,78,51.0,539.0,3256.4
2,79,51.0,540.0,3255.6
2,80,51.0,558.0,3262.4
2,81,51.0,542.0,3260.8
2,82,51.0,541.0,3255.6
2,83,51.0,543.0,3253.6
2,84,51.0,546.0,3246.8
2,85,51.0,543.0,3244.0
2,86,52.0,544.0,3240.8
2,87,52.0,544.0,3246.0
2,88,52.0,546.0,3251.6
2,89,51.0,546.0,3251.6
2,90,51.0,545.0,3250.8
4,0,59.0,887.0,2940.0
4,1,59.0,870.0,2940.4
4,2,59.0,880.0,2935.2
4,3,59.0,868.0,2946.8
4,4,59.0,871.0,2950.8
4,5,59.0,859.0,2955.6
4,6,59.0,857.0,2960.0
4,7,59.0,858.0,2960.8
4,8,59.0,856.0,2960.4
4,9,59.0,859.0,2958.0
4,10,59.0,859.0,2958.8
4,11,59.0,858.0,2958.8
4,12,59.0,858.0,2958.8
4,13,59.0,862.0,2957.6
4,14,59.0,862.0,2956.4
4,15,59.0,863.0,2954.4
4,16,59.0,863.0,2954.0
4,17,59.0,863.0,2952.0
4,18,59.0,860.0,2953.6
4,19,59.0,859.0,2954.0
4,20,59.0,860.0,2952.8
4,21,59.0,861.0,2952.8
4,22,59.0,861.0,2952.4
4,23,59.0,862.0,2950.8
4,24,59.0,862.0,2950.8
4,25,59.0,863.0,2950.8
4,26,59.0,862.0,2952.0
4,27,59.0,862.0,2951.6
4,28,59.0,862.0,2951.6
4,29,59.0,862.0,2952.0
4,30,59.0,860.0,2953.6
4,31,59.0,861.0,2952.4
4,32,59.0,860.0,2952.0
4,33,59.0,862.0,2950.8
4,34,59.0,861.0,2950.8
4,35,59.0,860.0,2951.2
4,36,59.0,861.0,2950.8
4,37,59.0,861.0,2950.8
4,38,59.0,862.0,2950.0
4,39,59.0,862.0,2949.2
4,40,59.0,856.0,2935.2
4,41,59.0,853.0,2946.4
4,42,59.0,852.0,2952.0
4,43,59.0,856.0,2951.2
4,44,59.0,862.0,2946.4
4,45,59.0,863.0,2944.8
4,46,59.0,867.0,2942.8
4,47,59.0,864.0,2941.2
4,48,59.0,858.0,2944.8
4,49,59.0,858.0,2945.6
4,50,59.0,860.0,2945.6
4,51,59.0,859.0,2946.0
4,52,59.0,856.0,2947.6
4,53,59.0,855.0,2949.2
4,54,59.0,858.0,2949.2
4,55,59.0,859.0,2949.2
4,56,59.0,858.0,2949.2
4,57,59.0,860.0,2948.8
4,58,59.0,857.0,2950.4
4,59,59.0,857.0,2949.6
4,60,59.0,860.0,2947.6
4,61,59.0,859.0,2948.4
4,62,59.0,859.0,2948.8
4,63,59.0,860.0,2947.6
4,64,59.0,860.0,2947.6
4,65,59.0,860.0,2947.6
4,66,59.0,860.0,2947.6
4,67,59.0,861.0,2947.2
4,68,59.0,862.0,2947.2
4,69,59.0,863.0,2946.4
4,70,59.0,862.0,2946.4
4,71,59.0,862.0,2946.4
4,72,59.0,862.0,2946.0
4,73,59.0,863.0,2945.6
4,74,59.0,862.0,2946.4
4,75,59.0,862.0,2946.4
4,76,59.0,862.0,2945.2
4,77,59.0,861.0,2945.6
4,78,59.0,861.0,2945.6
4,79,59.0,861.0,2946.0
4,80,59.0,830.0,2967.6
4,81,59.0,870.0,2945.2
4,82,59.0,866.0,2945.2
4,83,59.0,858.0,2949.6
4,84,59.0,861.0,2947.2
4,85,59.0,862.0,2945.2
4,86,59.0,860.0,2945.6
4,87,59.0,857.0,2948.0
4,88,59.0,860.0,2947.6
4,89,59.0,860.0,2947.2
4,90,59.0,862.0,2946.0
6,0,55.0,1075.0,3171.2
6,1,55.0,1040.0,3172.0
6,2,55.0,1040.0,3192.4
6,3,55.0,1031.0,3200.0
6,4,55.0,1025.0,3203.6
6,5,55.0,1028.0,3201.2
6,6,55.0,1025.0,3200.4
6,7,55.0,1025.0,3200.8
6,8,55.0,1026.0,3201.2
6,9,55.0,1026.0,3202.0
6,10,55.0,1027.0,3198.8
6,11,55.0,1028.0,3197.2
6,12,55.0,1026.0,3196.8
6,13,55.0,1025.0,3197.2
6,14,55.0,1024.0,3198.4
6,15,55.0,1023.0,3200.4
6,16,55.0,1023.0,3201.2
6,17,55.0,1021.0,3203.6
6,18,55.0,1021.0,3204.0
6,19,55.0,1021.0,3203.2
6,20,55.0,1020.0,3203.2
6,21,55.0,1019.0,3203.6
6,22,55.0,1020.0,3203.2
6,23,55.0,1020.0,3203.6
6,24,55.0,1020.0,3203.6
6,25,55.0,1020.0,3203.6
6,26,55.0,1020.0,3203.2
6,27,55.0,1022.0,3202.8
6,28,55.0,1022.0,3202.0
6,29,55.0,1022.0,3202.4
6,30,55.0,1022.0,3201.6
6,31,55.0,1021.0,3202.8
6,32,55.0,1021.0,3202.4
6,33,55.0,1022.0,3201.6
6,34,55.0,1022.0,3201.6
6,35,55.0,1021.0,3201.6
6,36,55.0,1022.0,3201.2
6,37,55.0,1020.0,3201.6
6,38,55.0,1020.0,3201.6
6,39,55.0,1020.0,3201.6
6,40,55.0,1040.0,3162.0
6,41,55.0,1020.0,3179.6
6,42,55.0,1026.0,3182.0
6,43,55.0,1017.0,3190.0
6,44,55.0,1016.0,3194.8
6,45,55.0,1015.0,3192.4
6,46,55.0,1018.0,3196.0
6,47,55.0,1017.0,3195.2
6,48,55.0,1019.0,3194.0
6,49,55.0,1019.0,3193.2
6,50,55.0,1018.0,3195.2
6,51,55.0,1022.0,3192.4
6,52,55.0,1025.0,3190.8
6,53,55.0,1026.0,3190.0
6,54,55.0,1028.0,3189.6
6,55,55.0,1025.0,3191.6
6,56,55.0,1024.0,3192.8
6,57,55.0,1025.0,3194.0
6,58,55.0,1025.0,3194.0
6,59,55.0,1027.0,3192.8
6,60,55.0,1026.0,3194.4
6,61,55.0,1025.0,3194.4
6,62,55.0,1025.0,3193.2
6,63,55.0,1024.0,3193.2
6,64,55.0,1023.0,3194.4
6,65,55.0,1023.0,3195.2
6,66,55.0,1022.0,3195.2
6,67,55.0,1022.0,3195.2
6,68,55.0,1023.0,3195.6
6,69,55.0,1022.0,3196.4
6,70,55.0,1022.0,3196.8
6,71,55.0,1022.0,3197.2
6,72,55.0,1022.0,3196.8
6,73,55.0,1023.0,3196.4
6,74,55.0,1024.0,3196.0
6,75,55.0,1026.0,3195.6
6,76,55.0,1026.0,3196.0
6,77,55.0,1025.0,3196.8
6,78,55.0,1026.0,3196.4
6,79,55.0,1025.0,3196.4
6,80,55.0,1038.0,3190.0
6,81,55.0,1036.0,3192.0
6,82,55.0,1027.0,3198.8
6,83,55.0,1025.0,3199.2
6,84,55.0,1026.0,3199.6
6,85,55.0,1029.0,3198.4
6,86,55.0,1030.0,3194.4
6,87,55.0,1026.0,3196.8
6,88,55.0,1026.0,3195.2
6,89,55.0,1026.0,3197.2
6,90,55.0,1028.0,3196.8
8,0,53.0,912.0,3036.4
8,1,53.0,900.0,3018.0
8,2,53.0,890.0,3027.6
8,3,53.0,896.0,3022.0
8,4,53.0,892.0,3024.4
8,5,53.0,902.0,3018.8
8,6,53.0,906.0,3016.4
8,7,53.0,907.0,3014.0
8,8,53.0,908.0,3010.0
8,9,53.0,909.0,3009.2
8,10,53.0,912.0,3005.6
8,11,54.0,911.0,3007.2
8,12,53.0,910.0,3007.2
8,13,53.0,912.0,3004.8
8,14,53.0,911.0,3004.0
8,15,53.0,910.0,3004.0
8,16,53.0,907.0,3005.6
8,17,53.0,906.0,3006.4
8,18,53.0,907.0,3005.2
8,19,54.0,905.0,3005.6
8,20,53.0,906.0,3004.4
8,21,54.0,907.0,3003.2
8,22,54.0,907.0,3004.0
8,23,54.0,908.0,3003.2
8,24,53.0,908.0,3003.2
8,25,54.0,908.0,3003.6
8,26,53.0,907.0,3004.4
8,27,54.0,906.0,3005.6
8,28,53.0,906.0,3004.8
8,29,53.0,905.0,3004.8
8,30,53.0,906.0,3005.2
8,31,54.0,906.0,3005.6
8,32,53.0,907.0,3006.4
8,33,53.0,906.0,3006.4
8,34,53.0,905.0,3006.4
8,35,53.0,905.0,3006.8
8,36,53.0,907.0,3006.0
8,37,53.0,907.0,3006.4
8,38,53.0,907.0,3006.8
8,39,53.0,907.0,3006.8
8,40,53.0,940.0,2975.2
8,41,53.0,942.0,2975.2
8,42,53.0,934.0,2978.8
8,43,53.0,933.0,2988.8
8,44,53.0,928.0,2990.8
8,45,53.0,931.0,2993.6
8,46,53.0,930.0,2992.4
8,47,53.0,932.0,2992.0
8,48,53.0,931.0,2991.2
8,49,53.0,926.0,2992.0
8,50,53.0,924.0,2994.4
8,51,53.0,924.0,2994.8
8,52,53.0,923.0,2996.0
8,53,53.0,922.0,2997.2
8,54,53.0,921.0,2998.8
8,55,53.0,920.0,3000.4
8,56,53.0,917.0,3002.4
8,57,53.0,915.0,3002.4
8,58,53.0,915.0,3004.4
8,59,53.0,913.0,3004.8
8,60,53.0,912.0,3005.6
8,61,53.0,913.0,3004.0
8,62,53.0,913.0,3004.0
8,63,53.0,913.0,3003.6
8,64,53.0,913.0,3003.6
8,65,53.0,914.0,3002.8
8,66,53.0,913.0,3003.6
8,67,53.0,912.0,3004.0
8,68,53.0,911.0,3004.4
8,69,53.0,911.0,3004.4
8,70,53.0,912.0,3003.6
8,71,53.0,912.0,3004.0
8,72,53.0,912.0,3004.4
8,73,53.0,912.0,3004.4
8,74,53.0,912.0,3003.6
8,75,53.0,912.0,3003.6
8,76,53.0,912.0,3003.6
8,77,53.0,912.0,3003.6
8,78,53.0,911.0,3004.4
8,79,53.0,911.0,3004.4
8,80,53.0,900.0,3014.8
8,81,53.0,889.0,3025.2
8,82,53.0,909.0,3014.0
8,83,53.0,907.0,3011.6
8,84,53.0,904.0,3013.2
8,85,53.0,905.0,3011.6
8,86,53.0,901.0,3010.4
8,87,53.0,903.0,3010.4
8,88,53.0,905.0,3008.8
8,89,53.0,898.0,3013.2
8,90,54.0,900.0,3013.2
10,0,53.0,662.0,3132.0
10,1,54.0,640.0,3127.2
10,2,54.0,655.0,3133.2
10,3,53.0,665.0,3122.4
10,4,54.0,664.0,3119.6
10,5,53.0,661.0,3125.2
10,6,53.0,667.0,3124.8
10,7,54.0,664.0,3126.8
10,8,54.0,665.0,3126.0
10,9,54.0,663.0,3128.0
10,10,54.0,664.0,3125.6
10,11,54.0,663.0,3126.0
10,12,53.0,668.0,3124.4
10,13,54.0,668.0,3122.4
10,14,54.0,669.0,3121.6
10,15,53.0,667.0,3122.0
10,16,54.0,666.0,3124.0
10,17,54.0,667.0,3122.8
10,18,54.0,667.0,3123.2
10,19,54.0,668.0,3123.2
10,20,53.0,668.0,3122.8
10,21,54.0,666.0,3123.6
10,22,54.0,666.0,3122.4
10,23,54.0,666.0,3121.6
10,24,54.0,667.0,3121.2
10,25,53.0,668.0,3120.4
10,26,53.0,667.0,3121.2
10,27,53.0,668.0,3120.8
10,28,53.0,668.0,3120.4
10,29,54.0,668.0,3120.8
10,30,54.0,669.0,3120.4
10,31,54.0,669.0,3120.4
10,32,54.0,669.0,3120.0
10,33,53.0,668.0,3120.4
10,34,54.0,667.0,3120.4
10,35,53.0,667.0,3120.4
10,36,53.0,668.0,3119.6
10,37,53.0,668.0,3120.4
10,38,53.0,667.0,3121.2
10,39,53.0,667.0,3121.6
10,40,53.0,656.0,3152.8
10,41,54.0,658.0,3143.2
10,42,54.0,652.0,3143.6
10,43,53.0,654.0,3131.2
10,44,54.0,657.0,3130.0
10,45,53.0,662.0,3129.6
10,46,54.0,658.0,3131.6
10,47,54.0,659.0,3130.8
10,48,54.0,658.0,3133.2
10,49,53.0,657.0,3133.2
10,50,53.0,656.0,3133.6
10,51,54.0,655.0,3133.6
10,52,54.0,655.0,3134.0
10,53,54.0,655.0,3134.4
10,54,54.0,656.0,3132.8
10,55,54.0,658.0,3133.2
10,56,53.0,658.0,3132.8
10,57,53.0,658.0,3133.2
10,58,54.0,658.0,3133.2
10,59,53.0,659.0,3132.4
10,60,53.0,661.0,3130.4
10,61,54.0,661.0,3129.6
10,62,54.0,662.0,3129.2
10,63,53.0,661.0,3129.2
10,64,54.0,661.0,3128.4
10,65,53.0,661.0,3128.4
10,66,54.0,663.0,3126.8
10,67,54.0,663.0,3126.8
10,68,54.0,663.0,3126.8
10,69,54.0,664.0,3125.6
10,70,54.0,664.0,3125.6
10,71,54.0,665.0,3125.6
10,72,54.0,664.0,3125.6
10,73,54.0,664.0,3125.2
10,74,54.0,664.0,3125.2
10,75,54.0,665.0,3124.8
10,76,54.0,664.0,3125.2
10,77,54.0,665.0,3124.4
10,78,53.0,665.0,3124.0
10,79,54.0,665.0,3123.6
10,80,54.0,669.0,3129.2
10,81,54.0,659.0,3107.6
10,82,54.0,658.0,3107.6
10,83,54.0,656.0,3113.6
10,84,54.0,655.0,3116.4
10,85,54.0,659.0,3117.2
10,86,53.0,663.0,3117.2
10,87,53.0,664.0,3118.4
10,88,54.0,662.0,3118.8
10,89,53.0,666.0,3117.6
10,90,54.0,666.0,3121.2
12,0,52.0,1012.0,2977.2
12,1,52.0,1000.0,2979.2
12,2,52.0,1020.0,2955.2
12,3,52.0,1024.0,2939.6
12,4,52.0,1020.0,2946.0
12,5,52.0,1022.0,2945.2
12,6,52.0,1018.0,2945.6
12,7,52.0,1016.0,2949.6
12,8,52.0,1017.0,2948.0
12,9,52.0,1017.0,2948.4
12,10,52.0,1009.0,2952.0
12,11,52.0,1010.0,2952.0
12,12,52.0,1011.0,2952.0
12,13,52.0,1014.0,2951.2
12,14,52.0,1016.0,2950.4
12,15,52.0,1016.0,2951.2
12,16,52.0,1015.0,2950.4
12,17,52.0,1015.0,2950.4
12,18,52.0,1015.0,2950.0
12,19,52.0,1016.0,2948.8
12,20,52.0,1017.0,2948.8
12,21,52.0,1015.0,2949.6
12,22,52.0,1016.0,2948.8
12,23,52.0,1016.0,2948.8
12,24,52.0,1016.0,2948.4
12,25,52.0,1016.0,2948.8
12,26,52.0,1017.0,2948.4
12,27,52.0,1016.0,2949.6
12,28,52.0,1017.0,2949.2
12,29,52.0,1018.0,2948.4
12,30,52.0,1017.0,2949.6
12,31,52.0,1016.0,2949.6
12,32,52.0,1016.0,2949.2
12,33,52.0,1017.0,2949.2
12,34,52.0,1016.0,2950.4
12,35,52.0,1015.0,2951.2
12,36,52.0,1014.0,2951.6
12,37,52.0,1014.0,2951.2
12,38,52.0,1014.0,2952.4
12,39,52.0,1014.0,2952.0
12,40,52.0,1010.0,2960.0
12,41,51.0,1025.0,2944.4
12,42,52.0,1010.0,2952.8
12,43,51.0,1010.0,2948.0
12,44,52.0,1004.0,2950.0
12,45,52.0,996.0,2954.0
12,46,52.0,998.0,2957.6
12,47,51.0,1006.0,2954.8
12,48,52.0,1003.0,2956.0
12,49,51.0,1004.0,2957.6
12,50,51.0,1004.0,2958.0
12,51,51.0,1004.0,2957.2
12,52,51.0,1002.0,2958.0
12,53,52.0,1002.0,2957.6
12,54,52.0,1004.0,2956.0
12,55,52.0,1006.0,2954.4
12,56,52.0,1006.0,2954.8
12,57,52.0,1007.0,2955.6
12,58,52.0,1007.0,2955.6
12,59,52.0,1009.0,2954.0
12,60,51.0,1008.0,2954.4
12,61,52.0,1010.0,2952.8
12,62,52.0,1009.0,2953.2
12,63,52.0,1011.0,2951.6
12,64,51.0,1013.0,2950.4
12,65,52.0,1013.0,2950.4
12,66,51.0,1013.0,2950.0
12,67,52.0,1012.0,2950.4
12,68,51.0,1012.0,2948.8
12,69,52.0,1011.0,2949.6
12,70,51.0,1011.0,2950.0
12,71,52.0,1012.0,2948.8
12,72,52.0,1012.0,2948.8
12,73,52.0,1011.0,2949.6
12,74,51.0,1010.0,2949.6
12,75,51.0,1011.0,2948.8
12,76,52.0,1011.0,2948.4
12,77,52.0,1011.0,2948.4
12,78,52.0,1012.0,2948.8
12,79,52.0,1012.0,2948.8
12,80,52.0,979.0,2952.0
12,81,52.0,989.0,2943.2
12,82,52.0,993.0,2949.6
12,83,52.0,997.0,2948.4
12,84,51.0,997.0,2950.0
12,85,51.0,991.0,2952.4
12,86,52.0,995.0,2950.4
12,87,52.0,996.0,2952.4
12,88,52.0,995.0,2952.4
12,89,52.0,1000.0,2949.2
12,90,51.0,999.0,2949.6
14,0,50.0,662.0,3040.4
14,1,50.0,669.0,3031.6
14,2,50.0,675.0,3036.0
14,3,51.0,679.0,3036.8
14,4,50.0,687.0,3027.6
14,5,50.0,683.0,3029.2
14,6,50.0,686.0,3029.2
14,7,51.0,686.0,3029.2
14,8,51.0,685.0,3029.6
14,9,51.0,687.0,3027.2
14,10,51.0,687.0,3027.6
14,11,51.0,685.0,3030.0
14,12,50.0,688.0,3027.6
14,13,51.0,690.0,3024.8
14,14,50.0,691.0,3024.4
14,15,50.0,693.0,3024.0
14,16,50.0,695.0,3022.8
14,17,50.0,695.0,3022.8
14,18,50.0,693.0,3023.2
14,19,50.0,692.0,3023.2
14,20,51.0,693.0,3022.8
14,21,50.0,696.0,3020.8
14,22,51.0,694.0,3020.8
14,23,51.0,693.0,3020.4
14,24,51.0,691.0,3021.2
14,25,50.0,690.0,3022.0
14,26,51.0,690.0,3022.4
14,27,50.0,688.0,3023.2
14,28,51.0,688.0,3022.4
14,29,51.0,689.0,3022.0
14,30,51.0,688.0,3022.8
14,31,50.0,688.0,3022.4
14,32,50.0,688.0,3022.8
14,33,51.0,687.0,3022.8
14,34,51.0,687.0,3024.0
14,35,50.0,688.0,3023.2
14,36,51.0,687.0,3022.8
14,37,50.0,688.0,3022.4
14,38,50.0,689.0,3022.8
14,39,51.0,688.0,3023.2
14,40,50.0,708.0,3016.4
14,41,50.0,684.0,3030.4
14,42,51.0,692.0,3016.8
14,43,50.0,699.0,3016.0
14,44,50.0,701.0,3025.2
14,45,50.0,698.0,3022.8
14,46,50.0,704.0,3017.6
14,47,50.0,703.0,3015.2
14,48,51.0,704.0,3010.4
14,49,50.0,703.0,3014.4
14,50,50.0,706.0,3010.8
14,51,50.0,706.0,3011.6
14,52,50.0,707.0,3012.0
14,53,50.0,708.0,3012.8
14,54,51.0,706.0,3013.6
14,55,51.0,707.0,3012.4
14,56,50.0,708.0,3013.2
14,57,50.0,708.0,3014.4
14,58,50.0,709.0,3012.4
14,59,50.0,707.0,3013.2
14,60,50.0,707.0,3013.6
14,61,51.0,706.0,3014.0
14,62,50.0,706.0,3015.2
14,63,50.0,704.0,3015.6
14,64,51.0,704.0,3016.0
14,65,50.0,705.0,3015.2
14,66,51.0,704.0,3016.4
14,67,50.0,703.0,3016.4
14,68,50.0,704.0,3016.4
14,69,51.0,704.0,3015.6
14,70,51.0,704.0,3016.4
14,71,50.0,702.0,3022.0
14,72,50.0,701.0,3022.4
14,73,51.0,701.0,3022.8
14,74,50.0,699.0,3023.2
14,75,51.0,699.0,3023.6
14,76,51.0,699.0,3023.6
14,77,50.0,699.0,3023.2
14,78,50.0,699.0,3023.6
14,79,50.0,699.0,3023.6
14,80,50.0,700.0,3008.4
14,81,50.0,685.0,3021.6
14,82,51.0,700.0,3021.2
14,83,50.0,697.0,3022.0
14,84,50.0,693.0,3026.8
14,85,51.0,698.0,3028.8
14,86,50.0,697.0,3027.6
14,87,51.0,694.0,3028.8
14,88,51.0,696.0,3029.2
14,89,51.0,694.0,3030.8
14,90,50.0,696.0,3028.0
16,0,48.0,762.0,3198.4
16,1,48.0,830.0,3154.0
16,2,48.0,855.0,3143.6
16,3,48.0,865.0,3148.0
16,4,48.0,869.0,3147.6
16,5,48.0,871.0,3152.4
16,6,48.0,866.0,3153.2
16,7,48.0,861.0,3156.8
16,8,48.0,857.0,3159.2
16,9,48.0,860.0,3156.4
16,10,48.0,861.0,3153.2
16,11,48.0,858.0,3157.2
16,12,48.0,857.0,3157.2
16,13,48.0,857.0,3158.0
16,14,48.0,856.0,3159.6
16,15,48.0,856.0,3160.0
16,16,48.0,856.0,3161.2
16,17,48.0,854.0,3163.2
16,18,48.0,855.0,3162.0
16,19,48.0,854.0,3162.4
16,20,48.0,855.0,3161.6
16,21,48.0,855.0,3160.8
16,22,48.0,856.0,3158.8
16,23,48.0,856.0,3158.4
16,24,48.0,856.0,3157.6
16,25,48.0,855.0,3157.6
16,26,48.0,855.0,3157.6
16,27,48.0,854.0,3158.8
16,28,48.0,853.0,3158.4
16,29,48.0,854.0,3158.0
16,30,48.0,855.0,3157.6
16,31,48.0,855.0,3158.0
16,32,48.0,854.0,3158.0
16,33,48.0,855.0,3158.4
16,34,48.0,854.0,3158.8
16,35,48.0,853.0,3158.8
16,36,48.0,852.0,3160.0
16,37,48.0,852.0,3160.0
16,38,48.0,853.0,3160.0
16,39,48.0,853.0,3160.4
16,40,48.0,855.0,3153.6
16,41,48.0,877.0,3138.8
16,42,48.0,878.0,3148.0
16,43,48.0,871.0,3154.8
16,44,48.0,864.0,3155.2
16,45,48.0,861.0,3156.0
16,46,48.0,864.0,3154.8
16,47,48.0,867.0,3154.0
16,48,48.0,867.0,3150.4
16,49,48.0,864.0,3152.4
16,50,48.0,864.0,3151.2
16,51,48.0,862.0,3154.8
16,52,48.0,862.0,3154.8
16,53,48.0,863.0,3154.8
16,54,48.0,862.0,3156.0
16,55,48.0,859.0,3156.4
16,56,48.0,860.0,3157.2
16,57,48.0,860.0,3155.2
16,58,48.0,859.0,3156.4
16,59,48.0,859.0,3157.6
16,60,48.0,858.0,3158.8
16,61,48.0,859.0,3158.0
16,62,48.0,860.0,3156.8
16,63,48.0,859.0,3155.2
16,64,48.0,858.0,3156.0
16,65,48.0,856.0,3156.4
16,66,48.0,856.0,3156.4
16,67,48.0,856.0,3157.2
16,68,48.0,856.0,3158.0
16,69,48.0,855.0,3159.2
16,70,48.0,855.0,3160.0
16,71,48.0,856.0,3159.6
16,72,48.0,855.0,3160.8
16,73,48.0,856.0,3159.6
16,74,48.0,857.0,3159.2
16,75,48.0,856.0,3161.2
16,76,48.0,855.0,3160.0
16,77,48.0,855.0,3161.6
16,78,48.0,855.0,3161.2
16,79,48.0,855.0,3161.6
16,80,48.0,880.0,3142.4
16,81,48.0,863.0,3155.2
16,82,48.0,865.0,3153.6
16,83,48.0,874.0,3153.2
16,84,48.0,869.0,3154.0
16,85,48.0,865.0,3158.4
16,86,48.0,861.0,3163.6
16,87,48.0,862.0,3162.4
16,88,48.0,865.0,3161.2
16,89,48.0,864.0,3160.4
16,90,48.0,867.0,3158.8
18,0,49.0,1000.0,3064.8
18,1,49.0,979.0,3037.2
18,2,50.0,979.0,3042.8
18,3,50.0,989.0,3037.6
18,4,49.0,1005.0,3030.8
18,5,49.0,1008.0,3027.2
18,6,49.0,1008.0,3028.0
18,7,50.0,1004.0,3026.8
18,8,49.0,1006.0,3025.2
18,9,49.0,1006.0,3025.2
18,10,49.0,1009.0,3022.4
18,11,49.0,1006.0,3022.8
18,12,49.0,1004.0,3022.4
18,13,49.0,1002.0,3023.2
18,14,49.0,999.0,3024.4
18,15,49.0,999.0,3025.2
18,16,49.0,998.0,3025.6
18,17,49.0,998.0,3024.8
18,18,49.0,998.0,3024.8
18,19,50.0,997.0,3025.2
18,20,49.0,999.0,3025.2
18,21,49.0,1001.0,3023.6
18,22,49.0,1001.0,3023.6
18,23,49.0,1001.0,3023.6
18,24,49.0,1002.0,3022.4
18,25,49.0,1003.0,3021.6
18,26,49.0,1003.0,3021.6
18,27,49.0,1002.0,3022.4
18,28,49.0,1002.0,3023.6
18,29,49.0,1003.0,3023.2
18,30,49.0,1003.0,3023.6
18,31,50.0,1004.0,3023.2
18,32,49.0,1004.0,3023.2
18,33,49.0,1004.0,3023.2
18,34,50.0,1004.0,3024.0
18,35,49.0,1002.0,3024.8
18,36,49.0,1001.0,3026.0
18,37,49.0,1002.0,3025.2
18,38,50.0,1002.0,3025.2
18,39,49.0,1002.0,3024.8
18,40,49.0,1000.0,3033.2
18,41,49.0,995.0,3048.8
18,42,49.0,1003.0,3040.8
18,43,49.0,1005.0,3042.4
18,44,49.0,1008.0,3039.6
18,45,50.0,1008.0,3036.4
18,46,50.0,1004.0,3037.2
18,47,49.0,1007.0,3034.8
18,48,49.0,1002.0,3037.6
18,49,49.0,1005.0,3034.8
18,50,49.0,1004.0,3034.0
18,51,49.0,1005.0,3034.4
18,52,49.0,1002.0,3036.0
18,53,49.0,1001.0,3035.2
18,54,49.0,1000.0,3033.6
18,55,50.0,1000.0,3033.2
18,56,49.0,998.0,3033.2
18,57,49.0,997.0,3034.0
18,58,49.0,1000.0,3032.0
18,59,49.0,1001.0,3030.0
18,60,49.0,1004.0,3027.6
18,61,49.0,1003.0,3026.8
18,62,49.0,1003.0,3027.2
18,63,50.0,1001.0,3028.0
18,64,49.0,1002.0,3027.6
18,65,49.0,1001.0,3028.8
18,66,49.0,1002.0,3028.0
18,67,49.0,1004.0,3028.0
18,68,49.0,1005.0,3027.6
18,69,49.0,1007.0,3026.0
18,70,49.0,1005.0,3027.2
18,71,49.0,1007.0,3026.4
18,72,49.0,1007.0,3026.4
18,73,49.0,1007.0,3026.8
18,74,49.0,1007.0,3026.8
18,75,49.0,1006.0,3027.6
18,76,49.0,1006.0,3027.6
18,77,49.0,1007.0,3027.2
18,78,50.0,1008.0,3026.4
18,79,49.0,1008.0,3026.0
18,80,49.0,1000.0,3020.4
18,81,49.0,1019.0,3022.0
18,82,49.0,1013.0,3023.2
18,83,49.0,1015.0,3026.4
18,84,49.0,997.0,3032.4
18,85,49.0,1000.0,3032.8
18,86,49.0,999.0,3034.4
18,87,49.0,999.0,3034.0
18,88,49.0,1002.0,3032.4
18,89,49.0,999.0,3033.2
18,90,49.0,1002.0,3031.6
20,0,49.0,675.0,3060.0
20,1,49.0,690.0,3014.0
20,2,49.0,690.0,3031.6
20,3,49.0,672.0,3033.2
20,4,49.0,676.0,3027.6
20,5,49.0,671.0,3032.0
20,6,49.0,669.0,3031.6
20,7,49.0,668.0,3029.2
20,8,49.0,669.0,3030.0
20,9,49.0,670.0,3027.2
20,10,49.0,669.0,3030.0
20,11,49.0,668.0,3031.2
20,12,49.0,668.0,3030.4
20,13,49.0,668.0,3030.4
20,14,49.0,668.0,3029.2
20,15,49.0,670.0,3028.4
20,16,49.0,673.0,3027.6
20,17,49.0,675.0,3027.6
20,18,49.0,672.0,3029.2
20,19,49.0,671.0,3032.0
20,20,49.0,675.0,3030.4
20,21,49.0,675.0,3030.4
20,22,49.0,675.0,3030.4
20,23,49.0,674.0,3031.2
20,24,49.0,674.0,3031.2
20,25,49.0,674.0,3031.6
20,26,49.0,672.0,3032.4
20,27,49.0,673.0,3031.6
20,28,49.0,673.0,3031.6
20,29,49.0,673.0,3032.0
20,30,49.0,674.0,3031.6
20,31,49.0,676.0,3031.6
20,32,49.0,677.0,3031.2
20,33,49.0,677.0,3030.8
20,34,49.0,678.0,3030.8
20,35,49.0,679.0,3030.4
20,36,49.0,680.0,3030.4
20,37,49.0,680.0,3030.4
20,38,49.0,680.0,3030.4
20,39,49.0,679.0,3030.4
20,40,49.0,670.0,3032.8
20,41,49.0,695.0,3017.2
20,42,49.0,696.0,3019.2
20,43,49.0,692.0,3021.6
20,44,49.0,693.0,3020.4
20,45,49.0,694.0,3018.8
20,46,49.0,692.0,3021.2
20,47,49.0,691.0,3022.0
20,48,49.0,688.0,3024.8
20,49,49.0,688.0,3022.8
20,50,49.0,688.0,3023.6
20,51,49.0,688.0,3024.8
20,52,49.0,690.0,3024.8
20,53,49.0,690.0,3026.8
20,54,49.0,689.0,3026.4
20,55,49.0,688.0,3026.8
20,56,49.0,689.0,3027.2
20,57,49.0,688.0,3027.2
20,58,49.0,688.0,3028.8
20,59,49.0,688.0,3029.6
20,60,49.0,688.0,3029.2
20,61,49.0,686.0,3030.0
20,62,49.0,686.0,3030.0
20,63,49.0,685.0,3030.0
20,64,49.0,684.0,3030.8
20,65,49.0,683.0,3031.6
20,66,49.0,683.0,3031.2
20,67,49.0,683.0,3031.2
20,68,49.0,684.0,3030.8
20,69,49.0,685.0,3029.6
20,70,49.0,683.0,3029.6
20,71,49.0,683.0,3029.6
20,72,49.0,684.0,3028.8
20,73,49.0,683.0,3029.6
20,74,49.0,683.0,3029.6
20,75,49.0,683.0,3030.0
20,76,49.0,683.0,3029.6
20,77,49.0,683.0,3029.6
20,78,49.0,683.0,3029.6
20,79,49.0,683.0,3029.6
20,80,49.0,710.0,3018.0
20,81,49.0,700.0,3033.2
20,82,49.0,679.0,3038.4
20,83,49.0,679.0,3035.2
20,84,49.0,681.0,3034.4
20,85,49.0,679.0,3036.0
20,86,49.0,674.0,3037.2
20,87,49.0,676.0,3036.0
20,88,49.0,676.0,3035.6
20,89,49.0,675.0,3037.2
20,90,49.0,676.0,3033.6
22,0,50.0,700.0,3261.2
22,1,50.0,600.0,3265.2
22,2,50.0,599.0,3259.2
22,3,50.0,610.0,3263.2
22,4,50.0,607.0,3253.2
22,5,50.0,616.0,3242.8
22,6,50.0,612.0,3240.4
22,7,50.0,613.0,3241.2
22,8,50.0,611.0,3242.4
22,9,50.0,613.0,3243.6
22,10,50.0,612.0,3245.2
22,11,50.0,610.0,3244.0
22,12,50.0,610.0,3243.2
22,13,50.0,611.0,3244.8
22,14,50.0,612.0,3243.6
22,15,50.0,613.0,3243.6
22,16,50.0,615.0,3242.8
22,17,50.0,614.0,3242.8
22,18,50.0,614.0,3243.2
22,19,50.0,616.0,3243.2
22,20,50.0,615.0,3243.2
22,21,50.0,615.0,3243.2
22,22,50.0,614.0,3243.2
22,23,50.0,614.0,3243.2
22,24,50.0,615.0,3243.2
22,25,50.0,615.0,3243.2
22,26,50.0,616.0,3242.0
22,27,50.0,615.0,3242.4
22,28,50.0,616.0,3242.0
22,29,50.0,617.0,3240.8
22,30,51.0,616.0,3241.2
22,31,50.0,616.0,3241.6
22,32,50.0,616.0,3241.6
22,33,50.0,617.0,3241.2
22,34,50.0,616.0,3242.4
22,35,50.0,617.0,3241.6
22,36,50.0,617.0,3242.0
22,37,50.0,616.0,3242.4
22,38,50.0,615.0,3243.2
22,39,50.0,615.0,3243.2
22,40,50.0,630.0,3248.4
22,41,50.0,620.0,3252.4
22,42,50.0,620.0,3248.0
22,43,50.0,623.0,3250.8
22,44,50.0,624.0,3248.4
22,45,50.0,625.0,3249.2
22,46,50.0,625.0,3248.0
22,47,50.0,628.0,3247.2
22,48,50.0,629.0,3244.8
22,49,50.0,631.0,3242.4
22,50,50.0,629.0,3244.8
22,51,50.0,629.0,3244.8
22,52,50.0,628.0,3244.0
22,53,50.0,630.0,3243.6
22,54,50.0,629.0,3243.6
22,55,50.0,628.0,3243.2
22,56,50.0,628.0,3241.2
22,57,50.0,627.0,3242.0
22,58,51.0,629.0,3240.4
22,59,50.0,628.0,3239.6
22,60,50.0,628.0,3238.8
22,61,50.0,628.0,3239.6
22,62,50.0,627.0,3240.0
22,63,50.0,626.0,3241.2
22,64,50.0,625.0,3241.6
22,65,50.0,626.0,3240.8
22,66,50.0,623.0,3242.0
22,67,50.0,623.0,3242.4
22,68,50.0,623.0,3243.2
22,69,50.0,624.0,3242.0
22,70,50.0,623.0,3240.8
22,71,50.0,623.0,3240.4
22,72,50.0,623.0,3240.4
22,73,50.0,623.0,3240.4
22,74,50.0,624.0,3239.6
22,75,50.0,624.0,3240.0
22,76,50.0,624.0,3240.0
22,77,50.0,624.0,3239.6
22,78,50.0,624.0,3239.2
22,79,50.0,624.0,3239.2
22,80,50.0,620.0,3232.4
22,81,50.0,626.0,3227.2
22,82,50.0,631.0,3226.8
22,83,50.0,623.0,3229.2
22,84,50.0,626.0,3229.2
22,85,50.0,625.0,3231.2
22,86,50.0,626.0,3230.4
22,87,50.0,626.0,3230.4
22,88,50.0,630.0,3230.4
22,89,50.0,624.0,3234.8
22,90,50.0,620.0,3238.4
24,0,47.0,600.0,2928.4
24,1,48.0,680.0,2940.4
24,2,47.0,678.0,2943.6
24,3,48.0,679.0,2940.8
24,4,48.0,689.0,2935.2
24,5,47.0,691.0,2932.4
24,6,48.0,684.0,2936.0
24,7,48.0,685.0,2935.6
24,8,48.0,687.0,2935.2
24,9,48.0,684.0,2937.6
24,10,48.0,681.0,2940.8
24,11,48.0,685.0,2937.2
24,12,48.0,685.0,2937.6
24,13,48.0,685.0,2936.8
24,14,48.0,686.0,2937.2
24,15,48.0,683.0,2938.8
24,16,48.0,683.0,2938.4
24,17,47.0,683.0,2938.8
24,18,48.0,683.0,2939.6
24,19,47.0,685.0,2938.0
24,20,48.0,684.0,2938.0
24,21,48.0,683.0,2938.8
24,22,47.0,681.0,2939.2
24,23,48.0,681.0,2939.6
24,24,48.0,681.0,2940.0
24,25,48.0,682.0,2940.0
24,26,48.0,683.0,2939.2
24,27,48.0,683.0,2940.4
24,28,48.0,683.0,2940.8
24,29,48.0,683.0,2940.8
24,30,48.0,683.0,2941.2
24,31,48.0,683.0,2940.4
24,32,48.0,684.0,2940.0
24,33,48.0,685.0,2942.0
24,34,47.0,686.0,2941.6
24,35,48.0,687.0,2941.2
24,36,48.0,687.0,2940.4
24,37,48.0,686.0,2940.8
24,38,48.0,686.0,2940.8
24,39,48.0,686.0,2941.6
24,40,47.0,660.0,2960.8
24,41,47.0,675.0,2944.4
24,42,47.0,682.0,2937.2
24,43,47.0,674.0,2942.8
24,44,48.0,677.0,2939.6
24,45,48.0,686.0,2940.4
24,46,47.0,688.0,2941.6
24,47,48.0,684.0,2941.2
24,48,48.0,680.0,2943.2
24,49,47.0,680.0,2944.8
24,50,48.0,684.0,2942.0
24,51,48.0,685.0,2942.0
24,52,48.0,683.0,2945.6
24,53,47.0,683.0,2945.6
24,54,47.0,682.0,2945.2
24,55,47.0,685.0,2944.0
24,56,48.0,686.0,2942.8
24,57,47.0,684.0,2943.2
24,58,47.0,683.0,2944.8
24,59,47.0,685.0,2943.2
24,60,48.0,685.0,2944.4
24,61,48.0,686.0,2944.0
24,62,48.0,687.0,2943.6
24,63,48.0,687.0,2944.0
24,64,47.0,687.0,2943.2
24,65,47.0,688.0,2943.6
24,66,48.0,690.0,2942.4
24,67,47.0,690.0,2942.4
24,68,48.0,690.0,2942.4
24,69,47.0,690.0,2942.4
24,70,48.0,692.0,2941.6
24,71,48.0,693.0,2941.6
24,72,47.0,694.0,2940.8
24,73,47.0,696.0,2939.6
24,74,48.0,695.0,2940.4
24,75,48.0,696.0,2939.6
24,76,48.0,695.0,2939.6
24,77,47.0,695.0,2940.0
24,78,47.0,695.0,2940.4
24,79,48.0,695.0,2940.0
24,80,47.0,710.0,2915.6
24,81,47.0,700.0,2937.6
24,82,48.0,706.0,2930.4
24,83,48.0,702.0,2936.8
24,84,47.0,702.0,2936.4
24,85,48.0,708.0,2934.0
24,86,47.0,707.0,2934.0
24,87,47.0,702.0,2936.4
24,88,48.0,702.0,2935.6
24,89,48.0,703.0,2935.2
24,90,47.0,702.0,2935.6
26,0,51.0,700.0,3106.4
26,1,51.0,720.0,3146.8
26,2,51.0,710.0,3143.6
26,3,51.0,717.0,3140.0
26,4,51.0,717.0,3136.4
26,5,51.0,712.0,3138.0
26,6,51.0,713.0,3140.0
26,7,51.0,710.0,3139.2
26,8,51.0,717.0,3134.8
26,9,51.0,713.0,3135.6
26,10,51.0,712.0,3137.2
26,11,51.0,711.0,3136.0
26,12,51.0,711.0,3135.2
26,13,51.0,712.0,3134.0
26,14,51.0,711.0,3137.2
26,15,51.0,709.0,3138.0
26,16,51.0,710.0,3138.0
26,17,51.0,710.0,3138.4
26,18,51.0,709.0,3138.8
26,19,51.0,709.0,3139.2
26,20,51.0,707.0,3141.2
26,21,51.0,709.0,3139.6
26,22,51.0,708.0,3140.8
26,23,51.0,707.0,3141.6
26,24,51.0,707.0,3141.2
26,25,51.0,707.0,3141.6
26,26,51.0,706.0,3142.4
26,27,51.0,704.0,3144.0
26,28,51.0,704.0,3144.4
26,29,51.0,703.0,3145.2
26,30,51.0,704.0,3144.8
26,31,51.0,703.0,3145.6
26,32,51.0,703.0,3145.2
26,33,51.0,704.0,3144.4
26,34,51.0,704.0,3144.8
26,35,51.0,705.0,3144.8
26,36,51.0,706.0,3144.8
26,37,51.0,705.0,3145.6
26,38,51.0,705.0,3145.6
26,39,51.0,706.0,3144.8
26,40,51.0,730.0,3143.6
26,41,51.0,725.0,3140.4
26,42,51.0,730.0,3138.0
26,43,51.0,717.0,3144.4
26,44,51.0,718.0,3145.6
26,45,51.0,717.0,3142.0
26,46,51.0,713.0,3143.2
26,47,51.0,711.0,3144.0
26,48,51.0,709.0,3144.0
26,49,51.0,707.0,3145.2
26,50,51.0,711.0,3142.4
26,51,51.0,710.0,3142.0
26,52,51.0,712.0,3142.0
26,53,51.0,713.0,3142.0
26,54,51.0,715.0,3139.6
26,55,51.0,715.0,3139.2
26,56,51.0,716.0,3140.0
26,57,51.0,715.0,3140.8
26,58,51.0,714.0,3141.2
26,59,51.0,713.0,3142.8
26,60,51.0,714.0,3142.0
26,61,51.0,714.0,3143.2
26,62,51.0,713.0,3144.8
26,63,51.0,712.0,3144.8
26,64,51.0,712.0,3145.6
26,65,51.0,712.0,3145.6
26,66,51.0,711.0,3146.4
26,67,51.0,709.0,3146.4
26,68,51.0,709.0,3146.4
26,69,51.0,710.0,3145.6
26,70,51.0,709.0,3146.4
26,71,51.0,709.0,3146.4
26,72,51.0,710.0,3145.6
26,73,51.0,710.0,3146.0
26,74,51.0,710.0,3146.0
26,75,51.0,709.0,3146.4
26,76,51.0,709.0,3146.4
26,77,51.0,710.0,3146.0
26,78,51.0,709.0,3147.2
26,79,51.0,709.0,3148.0
26,80,51.0,680.0,3162.8
26,81,51.0,705.0,3157.6
26,82,51.0,700.0,3165.6
26,83,51.0,710.0,3156.8
26,84,51.0,710.0,3159.6
26,85,51.0,708.0,3157.6
26,86,51.0,708.0,3156.0
26,87,51.0,712.0,3152.8
26,88,51.0,711.0,3153.6
26,89,51.0,713.0,3153.2
26,90,51.0,715.0,3152.4
28,0,47.0,637.0,3281.6
28,1,47.0,630.0,3228.8
28,2,47.0,610.0,3242.8
28,3,47.0,617.0,3243.2
28,4,47.0,617.0,3246.0
28,5,47.0,618.0,3248.4
28,6,47.0,615.0,3250.0
28,7,47.0,613.0,3250.4
28,8,47.0,616.0,3250.8
28,9,47.0,613.0,3253.6
28,10,47.0,615.0,3254.0
28,11,47.0,617.0,3251.6
28,12,47.0,621.0,3249.6
28,13,47.0,619.0,3251.2
28,14,47.0,619.0,3252.4
28,15,47.0,618.0,3251.6
28,16,47.0,618.0,3250.8
28,17,47.0,618.0,3251.2
28,18,47.0,618.0,3252.4
28,19,47.0,619.0,3253.2
28,20,47.0,620.0,3252.8
28,21,47.0,622.0,3251.2
28,22,47.0,622.0,3254.0
28,23,47.0,622.0,3253.2
28,24,47.0,625.0,3252.4
28,25,47.0,625.0,3252.4
28,26,47.0,626.0,3251.2
28,27,47.0,627.0,3250.0
28,28,47.0,629.0,3249.2
28,29,47.0,628.0,3249.6
28,30,47.0,629.0,3249.2
28,31,47.0,629.0,3248.8
28,32,47.0,627.0,3249.2
28,33,47.0,627.0,3249.6
28,34,47.0,626.0,3250.0
28,35,47.0,625.0,3250.4
28,36,47.0,624.0,3251.2
28,37,47.0,625.0,3250.8
28,38,47.0,626.0,3250.0
28,39,47.0,626.0,3250.0
28,40,47.0,640.0,3230.8
28,41,47.0,630.0,3240.0
28,42,47.0,617.0,3250.4
28,43,47.0,620.0,3251.2
28,44,47.0,620.0,3252.8
28,45,47.0,615.0,3254.8
28,46,47.0,619.0,3251.2
28,47,47.0,620.0,3251.2
28,48,47.0,621.0,3252.0
28,49,47.0,623.0,3251.2
28,50,47.0,625.0,3248.0
28,51,47.0,623.0,3251.2
28,52,47.0,625.0,3249.6
28,53,47.0,625.0,3249.6
28,54,47.0,626.0,3249.6
28,55,47.0,628.0,3247.6
28,56,47.0,628.0,3248.0
28,57,47.0,628.0,3247.2
28,58,47.0,627.0,3248.4
28,59,47.0,626.0,3249.6
28,60,47.0,625.0,3250.8
28,61,47.0,624.0,3252.8
28,62,47.0,623.0,3252.4
28,63,47.0,623.0,3252.0
28,64,47.0,622.0,3252.4
28,65,47.0,622.0,3252.8
28,66,47.0,622.0,3252.4
28,67,47.0,622.0,3252.4
28,68,47.0,622.0,3252.4
28,69,47.0,621.0,3253.2
28,70,47.0,621.0,3253.2
28,71,47.0,621.0,3254.0
28,72,47.0,621.0,3252.8
28,73,47.0,620.0,3252.8
28,74,47.0,621.0,3252.0
28,75,47.0,621.0,3252.0
28,76,47.0,621.0,3251.6
28,77,47.0,621.0,3252.0
28,78,47.0,621.0,3252.0
28,79,47.0,621.0,3252.0
28,80,47.0,630.0,3250.8
28,81,47.0,604.0,3251.2
28,82,47.0,606.0,3249.6
28,83,47.0,602.0,3256.0
28,84,47.0,620.0,3247.6
28,85,47.0,620.0,3248.0
28,86,47.0,620.0,3248.4
28,87,47.0,619.0,3248.4
28,88,47.0,621.0,3250.4
28,89,47.0,622.0,3249.2
28,90,47.0,622.0,3250.4
30,0,49.0,1000.0,2826.8
30,1,49.0,1050.0,2876.4
30,2,49.0,1052.0,2858.8
30,3,49.0,1058.0,2847.6
30,4,49.0,1053.0,2848.4
30,5,49.0,1055.0,2844.8
30,6,49.0,1058.0,2845.2
30,7,49.0,1061.0,2843.6
30,8,49.0,1060.0,2843.2
30,9,49.0,1055.0,2846.0
30,10,49.0,1053.0,2845.2
30,11,49.0,1056.0,2844.4
30,12,49.0,1054.0,2844.0
30,13,49.0,1054.0,2843.6
30,14,49.0,1053.0,2842.8
30,15,49.0,1055.0,2842.8
30,16,49.0,1056.0,2842.8
30,17,49.0,1054.0,2844.8
30,18,49.0,1055.0,2845.2
30,19,49.0,1055.0,2845.6
30,20,49.0,1056.0,2845.2
30,21,49.0,1057.0,2845.2
30,22,49.0,1058.0,2844.8
30,23,49.0,1059.0,2844.0
30,24,49.0,1060.0,2843.2
30,25,49.0,1059.0,2844.0
30,26,49.0,1058.0,2844.4
30,27,49.0,1060.0,2843.6
30,28,49.0,1061.0,2843.2
30,29,49.0,1061.0,2843.2
30,30,49.0,1062.0,2842.4
30,31,49.0,1061.0,2842.4
30,32,49.0,1062.0,2842.4
30,33,49.0,1063.0,2841.2
30,34,49.0,1063.0,2842.0
30,35,49.0,1063.0,2841.6
30,36,49.0,1063.0,2842.4
30,37,49.0,1063.0,2842.0
30,38,49.0,1064.0,2842.4
30,39,49.0,1064.0,2842.0
30,40,49.0,1060.0,2830.4
30,41,49.0,1074.0,2819.2
30,42,49.0,1076.0,2824.8
30,43,49.0,1079.0,2824.0
30,44,49.0,1069.0,2828.8
30,45,49.0,1069.0,2830.8
30,46,49.0,1071.0,2831.6
30,47,49.0,1075.0,2831.2
30,48,49.0,1072.0,2830.4
30,49,49.0,1073.0,2830.4
30,50,49.0,1071.0,2831.6
30,51,49.0,1070.0,2830.0
30,52,49.0,1068.0,2833.2
30,53,49.0,1065.0,2834.8
30,54,49.0,1064.0,2834.8
30,55,49.0,1064.0,2834.8
30,56,49.0,1065.0,2835.2
30,57,49.0,1064.0,2835.6
30,58,49.0,1065.0,2836.0
30,59,49.0,1066.0,2836.4
30,60,49.0,1066.0,2837.6
30,61,49.0,1067.0,2837.6
30,62,49.0,1066.0,2837.6
30,63,49.0,1066.0,2839.6
30,64,49.0,1065.0,2838.4
30,65,49.0,1066.0,2837.6
30,66,49.0,1067.0,2836.4
30,67,49.0,1067.0,2836.8
30,68,49.0,1067.0,2836.4
30,69,49.0,1067.0,2836.4
30,70,49.0,1066.0,2836.4
30,71,49.0,1067.0,2836.0
30,72,49.0,1068.0,2836.0
30,73,49.0,1068.0,2835.6
30,74,49.0,1068.0,2834.8
30,75,49.0,1067.0,2834.4
30,76,49.0,1067.0,2834.4
30,77,49.0,1067.0,2834.4
30,78,49.0,1068.0,2833.6
30,79,49.0,1068.0,2834.0
30,80,49.0,1080.0,2845.2
30,81,49.0,1065.0,2858.8
30,82,49.0,1059.0,2858.0
30,83,49.0,1066.0,2854.0
30,84,49.0,1061.0,2851.2
30,85,49.0,1059.0,2848.8
30,86,49.0,1059.0,2847.6
30,87,49.0,1060.0,2847.6
30,88,49.0,1059.0,2847.2
30,89,49.0,1058.0,2847.6
30,90,49.0,1056.0,2848.4
32,0,53.0,1000.0,2837.6
32,1,52.0,1050.0,2829.6
32,2,53.0,1040.0,2824.0
32,3,52.0,1055.0,2820.0
32,4,52.0,1058.0,2819.2
32,5,52.0,1051.0,2816.4
32,6,52.0,1049.0,2817.2
32,7,53.0,1051.0,2818.0
32,8,52.0,1053.0,2820.4
32,9,52.0,1056.0,2819.6
32,10,52.0,1055.0,2821.2
32,11,52.0,1054.0,2822.4
32,12,52.0,1054.0,2822.8
32,13,52.0,1055.0,2823.6
32,14,53.0,1057.0,2823.2
32,15,52.0,1056.0,2822.8
32,16,52.0,1054.0,2824.4
32,17,52.0,1056.0,2823.6
32,18,52.0,1059.0,2822.4
32,19,52.0,1057.0,2824.8
32,20,52.0,1057.0,2825.6
32,21,53.0,1059.0,2824.4
32,22,52.0,1060.0,2823.6
32,23,52.0,1062.0,2821.6
32,24,52.0,1063.0,2822.0
32,25,52.0,1063.0,2820.8
32,26,52.0,1062.0,2820.0
32,27,53.0,1062.0,2820.4
32,28,52.0,1062.0,2821.6
32,29,52.0,1063.0,2820.8
32,30,52.0,1062.0,2821.2
32,31,52.0,1062.0,2821.2
32,32,52.0,1062.0,2820.8
32,33,52.0,1062.0,2820.0
32,34,52.0,1062.0,2820.0
32,35,53.0,1061.0,2820.4
32,36,52.0,1060.0,2821.2
32,37,52.0,1059.0,2821.6
32,38,52.0,1059.0,2822.0
32,39,52.0,1059.0,2822.0
32,40,52.0,1035.0,2816.4
32,41,52.0,1057.0,2818.4
32,42,52.0,1061.0,2816.0
32,43,52.0,1056.0,2817.6
32,44,52.0,1054.0,2820.0
32,45,52.0,1050.0,2819.6
32,46,52.0,1050.0,2820.0
32,47,52.0,1048.0,2822.4
32,48,53.0,1044.0,2826.0
32,49,52.0,1049.0,2823.2
32,50,52.0,1049.0,2825.6
32,51,52.0,1050.0,2825.2
32,52,53.0,1050.0,2824.8
32,53,52.0,1050.0,2824.4
32,54,52.0,1050.0,2823.2
32,55,52.0,1053.0,2822.4
32,56,52.0,1052.0,2823.6
32,57,52.0,1054.0,2823.2
32,58,52.0,1056.0,2821.6
32,59,52.0,1056.0,2822.4
32,60,52.0,1055.0,2822.8
32,61,52.0,1055.0,2823.6
32,62,52.0,1055.0,2824.0
32,63,52.0,1053.0,2824.4
32,64,52.0,1055.0,2823.6
32,65,52.0,1054.0,2823.6
32,66,52.0,1056.0,2822.4
32,67,52.0,1057.0,2822.0
32,68,52.0,1057.0,2822.0
32,69,52.0,1058.0,2820.4
32,70,52.0,1058.0,2821.2
32,71,52.0,1060.0,2819.6
32,72,52.0,1059.0,2820.4
32,73,52.0,1058.0,2821.2
32,74,52.0,1058.0,2821.6
32,75,53.0,1058.0,2821.6
32,76,52.0,1059.0,2820.8
32,77,52.0,1060.0,2820.4
32,78,52.0,1059.0,2820.4
32,79,52.0,1060.0,2820.0
32,80,52.0,1090.0,2821.2
32,81,52.0,1085.0,2812.8
32,82,52.0,1079.0,2813.6
32,83,52.0,1076.0,2815.2
32,84,52.0,1075.0,2816.8
32,85,52.0,1077.0,2816.0
32,86,52.0,1069.0,2819.6
32,87,52.0,1070.0,2816.4
32,88,52.0,1068.0,2816.8
32,89,52.0,1070.0,2816.0
32,90,52.0,1069.0,2816.4
34,0,49.0,700.0,3212.0
34,1,49.0,810.0,3188.8
34,2,49.0,825.0,3175.6
34,3,49.0,834.0,3169.2
34,4,49.0,835.0,3168.8
34,5,49.0,832.0,3176.0
34,6,49.0,825.0,3176.0
34,7,49.0,827.0,3171.2
34,8,49.0,825.0,3174.4
34,9,49.0,827.0,3175.2
34,10,49.0,828.0,3173.2
34,11,49.0,829.0,3173.2
34,12,49.0,834.0,3172.0
34,13,49.0,836.0,3171.2
34,14,49.0,839.0,3168.8
34,15,49.0,840.0,3168.0
34,16,49.0,840.0,3168.0
34,17,49.0,842.0,3166.8
34,18,49.0,841.0,3166.8
34,19,49.0,840.0,3167.2
34,20,49.0,843.0,3166.8
34,21,49.0,843.0,3166.8
34,22,49.0,843.0,3166.4
34,23,49.0,843.0,3166.0
34,24,49.0,843.0,3166.4
34,25,50.0,841.0,3167.2
34,26,49.0,842.0,3167.2
34,27,49.0,843.0,3167.2
34,28,49.0,844.0,3168.0
34,29,49.0,844.0,3168.0
34,30,49.0,846.0,3167.6
34,31,49.0,846.0,3167.6
34,32,49.0,845.0,3168.4
34,33,49.0,845.0,3168.4
34,34,49.0,844.0,3168.8
34,35,49.0,845.0,3168.0
34,36,49.0,845.0,3167.6
34,37,49.0,845.0,3167.2
34,38,49.0,845.0,3167.2
34,39,49.0,846.0,3166.4
34,40,49.0,834.0,3164.0
34,41,49.0,842.0,3176.4
34,42,49.0,838.0,3171.6
34,43,49.0,838.0,3168.4
34,44,49.0,841.0,3168.0
34,45,49.0,839.0,3169.2
34,46,49.0,842.0,3166.8
34,47,49.0,842.0,3167.6
34,48,49.0,843.0,3166.8
34,49,49.0,841.0,3167.2
34,50,49.0,841.0,3167.2
34,51,49.0,844.0,3165.2
34,52,49.0,846.0,3163.6
34,53,49.0,844.0,3164.4
34,54,49.0,844.0,3164.8
34,55,49.0,844.0,3164.8
34,56,50.0,844.0,3163.6
34,57,49.0,847.0,3162.4
34,58,50.0,848.0,3161.6
34,59,49.0,848.0,3162.4
34,60,49.0,846.0,3163.6
34,61,49.0,848.0,3163.2
34,62,49.0,848.0,3162.8
34,63,49.0,847.0,3164.4
34,64,50.0,849.0,3164.0
34,65,49.0,848.0,3164.4
34,66,49.0,847.0,3164.8
34,67,49.0,847.0,3164.8
34,68,50.0,849.0,3164.8
34,69,49.0,849.0,3164.8
34,70,49.0,849.0,3165.2
34,71,49.0,848.0,3166.0
34,72,49.0,848.0,3167.2
34,73,49.0,849.0,3167.2
34,74,49.0,847.0,3168.0
34,75,49.0,846.0,3168.0
34,76,49.0,846.0,3167.6
34,77,49.0,846.0,3167.2
34,78,49.0,846.0,3167.2
34,79,49.0,846.0,3167.2
34,80,49.0,840.0,3160.0
34,81,49.0,844.0,3157.6
34,82,49.0,851.0,3164.8
34,83,49.0,843.0,3172.8
34,84,49.0,838.0,3172.4
34,85,49.0,835.0,3176.0
34,86,49.0,838.0,3173.2
34,87,49.0,834.0,3175.6
34,88,49.0,838.0,3173.2
34,89,49.0,838.0,3174.4
34,90,49.0,840.0,3171.2
