chip_id,test_name,power_vdd_avg
0,llama8Bshort_runner_pc0_bs128_ctx1024_data_zeros,3079.17
0,llama8Bshort_runner_pc0_bs16_ctx1024_data_zeros,3139.83
0,llama8Bshort_runner_pc0_bs1_ctx1024_data_zeros,3019.04
0,llama8Bshort_runner_pc0_bs2_ctx1024_data_zeros,3067.65
0,llama8Bshort_runner_pc0_bs32_ctx1024_data_zeros,3043.1
0,llama8Bshort_runner_pc0_bs4_ctx1024_data_zeros,3032.09
0,llama8Bshort_runner_pc0_bs64_ctx1024_data_zeros,3031.05
0,llama8Bshort_runner_pc0_bs8_ctx1024_data_zeros,3079.68
1,llama8Bshort_runner_pc0_bs128_ctx1024_data_zeros,3079.95
1,llama8Bshort_runner_pc0_bs16_ctx1024_data_zeros,3127.55
1,llama8Bshort_runner_pc0_bs1_ctx1024_data_zeros,3091.71
1,llama8Bshort_runner_pc0_bs2_ctx1024_data_zeros,3103.48
1,llama8Bshort_runner_pc0_bs32_ctx1024_data_zeros,3139.83
1,llama8Bshort_runner_pc0_bs4_ctx1024_data_zeros,3043.84
1,llama8Bshort_runner_pc0_bs64_ctx1024_data_zeros,3079.42
1,llama8Bshort_runner_pc0_bs8_ctx1024_data_zeros,3091.71
2,llama8Bshort_runner_pc0_bs128_ctx1024_data_zeros,2704.05
2,llama8Bshort_runner_pc0_bs16_ctx1024_data_zeros,2691.59
2,llama8Bshort_runner_pc0_bs1_ctx1024_data_zeros,2739.65
2,llama8Bshort_runner_pc0_bs2_ctx1024_data_zeros,2691.57
2,llama8Bshort_runner_pc0_bs32_ctx1024_data_zeros,2644.17
2,llama8Bshort_runner_pc0_bs4_ctx1024_data_zeros,2678.66
2,llama8Bshort_runner_pc0_bs64_ctx1024_data_zeros,2632.59
2,llama8Bshort_runner_pc0_bs8_ctx1024_data_zeros,2703.39
3,llama8Bshort_runner_pc0_bs128_ctx1024_data_zeros,2716.28
3,llama8Bshort_runner_pc0_bs16_ctx1024_data_zeros,2752.82
3,llama8Bshort_runner_pc0_bs1_ctx1024_data_zeros,2787.71
3,llama8Bshort_runner_pc0_bs2_ctx1024_data_zeros,2668.44
3,llama8Bshort_runner_pc0_bs32_ctx1024_data_zeros,2692.48
3,llama8Bshort_runner_pc0_bs4_ctx1024_data_zeros,2716.52
3,llama8Bshort_runner_pc0_bs64_ctx1024_data_zeros,2632.6
3,llama8Bshort_runner_pc0_bs8_ctx1024_data_zeros,2680.22
6,llama8Bshort_runner_pc0_bs128_ctx1024_data_zeros,3174.86
6,llama8Bshort_runner_pc0_bs16_ctx1024_data_zeros,3186.9
6,llama8Bshort_runner_pc0_bs1_ctx1024_data_zeros,3199.17
6,llama8Bshort_runner_pc0_bs2_ctx1024_data_zeros,3211.74
6,llama8Bshort_runner_pc0_bs32_ctx1024_data_zeros,3211.75
6,llama8Bshort_runner_pc0_bs4_ctx1024_data_zeros,3175.13
6,llama8Bshort_runner_pc0_bs64_ctx1024_data_zeros,3162.85
6,llama8Bshort_runner_pc0_bs8_ctx1024_data_zeros,3199.98
7,llama8Bshort_runner_pc0_bs128_ctx1024_data_zeros,3176.18
7,llama8Bshort_runner_pc0_bs16_ctx1024_data_zeros,3212.8
7,llama8Bshort_runner_pc0_bs1_ctx1024_data_zeros,3199.98
7,llama8Bshort_runner_pc0_bs2_ctx1024_data_zeros,3187.68
7,llama8Bshort_runner_pc0_bs32_ctx1024_data_zeros,3248.37
7,llama8Bshort_runner_pc0_bs4_ctx1024_data_zeros,3272.16
7,llama8Bshort_runner_pc0_bs64_ctx1024_data_zeros,3249.19
7,llama8Bshort_runner_pc0_bs8_ctx1024_data_zeros,3187.69
8,llama8Bshort_runner_pc0_bs128_ctx1024_data_zeros,3048.52
8,llama8Bshort_runner_pc0_bs16_ctx1024_data_zeros,3062.05
8,llama8Bshort_runner_pc0_bs1_ctx1024_data_zeros,3062.04
8,llama8Bshort_runner_pc0_bs2_ctx1024_data_zeros,3061.8
8,llama8Bshort_runner_pc0_bs32_ctx1024_data_zeros,3085.53
8,llama8Bshort_runner_pc0_bs4_ctx1024_data_zeros,3038.27
8,llama8Bshort_runner_pc0_bs64_ctx1024_data_zeros,3061.01
8,llama8Bshort_runner_pc0_bs8_ctx1024_data_zeros,3085.02
9,llama8Bshort_runner_pc0_bs128_ctx1024_data_zeros,3086.32
9,llama8Bshort_runner_pc0_bs16_ctx1024_data_zeros,3086.31
9,llama8Bshort_runner_pc0_bs1_ctx1024_data_zeros,3170.89
9,llama8Bshort_runner_pc0_bs2_ctx1024_data_zeros,3110.59
9,llama8Bshort_runner_pc0_bs32_ctx1024_data_zeros,3086.31
9,llama8Bshort_runner_pc0_bs4_ctx1024_data_zeros,3074.56
9,llama8Bshort_runner_pc0_bs64_ctx1024_data_zeros,3073.01
9,llama8Bshort_runner_pc0_bs8_ctx1024_data_zeros,3110.34
10,llama8Bshort_runner_pc0_bs128_ctx1024_data_zeros,2718.56
10,llama8Bshort_runner_pc0_bs16_ctx1024_data_zeros,2742.84
10,llama8Bshort_runner_pc0_bs1_ctx1024_data_zeros,2706.99
10,llama8Bshort_runner_pc0_bs2_ctx1024_data_zeros,2706.98
10,llama8Bshort_runner_pc0_bs32_ctx1024_data_zeros,2742.84
10,llama8Bshort_runner_pc0_bs4_ctx1024_data_zeros,2694.72
10,llama8Bshort_runner_pc0_bs64_ctx1024_data_zeros,2719.01
10,llama8Bshort_runner_pc0_bs8_ctx1024_data_zeros,2718.78
11,llama8Bshort_runner_pc0_bs128_ctx1024_data_zeros,2755.57
11,llama8Bshort_runner_pc0_bs16_ctx1024_data_zeros,2707.2
11,llama8Bshort_runner_pc0_bs1_ctx1024_data_zeros,2815.49
11,llama8Bshort_runner_pc0_bs2_ctx1024_data_zeros,2755.56
11,llama8Bshort_runner_pc0_bs32_ctx1024_data_zeros,2695.39
11,llama8Bshort_runner_pc0_bs4_ctx1024_data_zeros,2718.78
11,llama8Bshort_runner_pc0_bs64_ctx1024_data_zeros,2694.94
11,llama8Bshort_runner_pc0_bs8_ctx1024_data_zeros,2731.04
12,llama8Bshort_runner_pc0_bs128_ctx1024_data_zeros,3174.06
12,llama8Bshort_runner_pc0_bs16_ctx1024_data_zeros,3246.75
12,llama8Bshort_runner_pc0_bs1_ctx1024_data_zeros,3245.93
12,llama8Bshort_runner_pc0_bs2_ctx1024_data_zeros,3209.34
12,llama8Bshort_runner_pc0_bs32_ctx1024_data_zeros,3235.0
12,llama8Bshort_runner_pc0_bs4_ctx1024_data_zeros,3233.65
12,llama8Bshort_runner_pc0_bs64_ctx1024_data_zeros,3259.58
12,llama8Bshort_runner_pc0_bs8_ctx1024_data_zeros,3209.87
13,llama8Bshort_runner_pc0_bs128_ctx1024_data_zeros,3223.25
13,llama8Bshort_runner_pc0_bs16_ctx1024_data_zeros,3234.2
13,llama8Bshort_runner_pc0_bs1_ctx1024_data_zeros,3342.38
13,llama8Bshort_runner_pc0_bs2_ctx1024_data_zeros,3247.01
13,llama8Bshort_runner_pc0_bs32_ctx1024_data_zeros,3235.27
13,llama8Bshort_runner_pc0_bs4_ctx1024_data_zeros,3211.22
13,llama8Bshort_runner_pc0_bs64_ctx1024_data_zeros,3199.46
13,llama8Bshort_runner_pc0_bs8_ctx1024_data_zeros,3211.21
14,llama8Bshort_runner_pc0_bs128_ctx1024_data_zeros,2812.92
14,llama8Bshort_runner_pc0_bs16_ctx1024_data_zeros,2776.62
14,llama8Bshort_runner_pc0_bs1_ctx1024_data_zeros,2812.2
14,llama8Bshort_runner_pc0_bs2_ctx1024_data_zeros,2824.48
14,llama8Bshort_runner_pc0_bs32_ctx1024_data_zeros,2812.45
14,llama8Bshort_runner_pc0_bs4_ctx1024_data_zeros,2812.21
14,llama8Bshort_runner_pc0_bs64_ctx1024_data_zeros,2812.22
14,llama8Bshort_runner_pc0_bs8_ctx1024_data_zeros,2836.48
15,llama8Bshort_runner_pc0_bs128_ctx1024_data_zeros,2836.72
15,llama8Bshort_runner_pc0_bs16_ctx1024_data_zeros,2872.07
15,llama8Bshort_runner_pc0_bs1_ctx1024_data_zeros,2860.75
15,llama8Bshort_runner_pc0_bs2_ctx1024_data_zeros,2800.66
15,llama8Bshort_runner_pc0_bs32_ctx1024_data_zeros,2836.72
15,llama8Bshort_runner_pc0_bs4_ctx1024_data_zeros,2847.79
15,llama8Bshort_runner_pc0_bs64_ctx1024_data_zeros,2836.24
15,llama8Bshort_runner_pc0_bs8_ctx1024_data_zeros,2823.99
16,llama8Bshort_runner_pc0_bs128_ctx1024_data_zeros,2957.17
16,llama8Bshort_runner_pc0_bs16_ctx1024_data_zeros,2968.95
16,llama8Bshort_runner_pc0_bs1_ctx1024_data_zeros,2921.34
16,llama8Bshort_runner_pc0_bs2_ctx1024_data_zeros,2932.38
16,llama8Bshort_runner_pc0_bs32_ctx1024_data_zeros,2980.71
16,llama8Bshort_runner_pc0_bs4_ctx1024_data_zeros,2933.13
16,llama8Bshort_runner_pc0_bs64_ctx1024_data_zeros,2956.93
16,llama8Bshort_runner_pc0_bs8_ctx1024_data_zeros,2945.64
17,llama8Bshort_runner_pc0_bs128_ctx1024_data_zeros,2969.43
17,llama8Bshort_runner_pc0_bs16_ctx1024_data_zeros,3005.26
17,llama8Bshort_runner_pc0_bs1_ctx1024_data_zeros,3053.34
17,llama8Bshort_runner_pc0_bs2_ctx1024_data_zeros,2958.15
17,llama8Bshort_runner_pc0_bs32_ctx1024_data_zeros,2946.12
17,llama8Bshort_runner_pc0_bs4_ctx1024_data_zeros,3017.02
17,llama8Bshort_runner_pc0_bs64_ctx1024_data_zeros,2969.69
17,llama8Bshort_runner_pc0_bs8_ctx1024_data_zeros,3006.26
18,llama8Bshort_runner_pc0_bs128_ctx1024_data_zeros,3224.04
18,llama8Bshort_runner_pc0_bs16_ctx1024_data_zeros,3259.58
18,llama8Bshort_runner_pc0_bs1_ctx1024_data_zeros,3222.16
18,llama8Bshort_runner_pc0_bs2_ctx1024_data_zeros,3270.52
18,llama8Bshort_runner_pc0_bs32_ctx1024_data_zeros,3235.8
18,llama8Bshort_runner_pc0_bs4_ctx1024_data_zeros,3199.72
18,llama8Bshort_runner_pc0_bs64_ctx1024_data_zeros,3260.13
18,llama8Bshort_runner_pc0_bs8_ctx1024_data_zeros,3259.59
19,llama8Bshort_runner_pc0_bs128_ctx1024_data_zeros,3260.13
19,llama8Bshort_runner_pc0_bs16_ctx1024_data_zeros,3248.65
19,llama8Bshort_runner_pc0_bs1_ctx1024_data_zeros,3332.31
19,llama8Bshort_runner_pc0_bs2_ctx1024_data_zeros,3236.89
19,llama8Bshort_runner_pc0_bs32_ctx1024_data_zeros,3212.55
19,llama8Bshort_runner_pc0_bs4_ctx1024_data_zeros,3187.68
19,llama8Bshort_runner_pc0_bs64_ctx1024_data_zeros,3248.1
19,llama8Bshort_runner_pc0_bs8_ctx1024_data_zeros,3236.07
20,llama8Bshort_runner_pc0_bs128_ctx1024_data_zeros,2744.22
20,llama8Bshort_runner_pc0_bs16_ctx1024_data_zeros,2730.8
20,llama8Bshort_runner_pc0_bs1_ctx1024_data_zeros,2947.1
20,llama8Bshort_runner_pc0_bs2_ctx1024_data_zeros,2755.11
20,llama8Bshort_runner_pc0_bs32_ctx1024_data_zeros,2767.35
20,llama8Bshort_runner_pc0_bs4_ctx1024_data_zeros,2718.78
20,llama8Bshort_runner_pc0_bs64_ctx1024_data_zeros,2754.87
20,llama8Bshort_runner_pc0_bs8_ctx1024_data_zeros,2694.95
21,llama8Bshort_runner_pc0_bs128_ctx1024_data_zeros,2777.79
21,llama8Bshort_runner_pc0_bs16_ctx1024_data_zeros,2778.92
21,llama8Bshort_runner_pc0_bs1_ctx1024_data_zeros,2983.44
21,llama8Bshort_runner_pc0_bs2_ctx1024_data_zeros,2802.29
21,llama8Bshort_runner_pc0_bs32_ctx1024_data_zeros,2729.46
21,llama8Bshort_runner_pc0_bs4_ctx1024_data_zeros,2694.71
21,llama8Bshort_runner_pc0_bs64_ctx1024_data_zeros,2753.01
21,llama8Bshort_runner_pc0_bs8_ctx1024_data_zeros,2742.38
22,llama8Bshort_runner_pc0_bs128_ctx1024_data_zeros,2657.29
22,llama8Bshort_runner_pc0_bs16_ctx1024_data_zeros,2718.32
22,llama8Bshort_runner_pc0_bs1_ctx1024_data_zeros,2608.77
22,llama8Bshort_runner_pc0_bs2_ctx1024_data_zeros,2693.14
22,llama8Bshort_runner_pc0_bs32_ctx1024_data_zeros,2657.3
22,llama8Bshort_runner_pc0_bs4_ctx1024_data_zeros,2706.74
22,llama8Bshort_runner_pc0_bs64_ctx1024_data_zeros,2682.03
22,llama8Bshort_runner_pc0_bs8_ctx1024_data_zeros,2657.98
23,llama8Bshort_runner_pc0_bs128_ctx1024_data_zeros,2669.77
23,llama8Bshort_runner_pc0_bs16_ctx1024_data_zeros,2681.79
23,llama8Bshort_runner_pc0_bs1_ctx1024_data_zeros,2741.73
23,llama8Bshort_runner_pc0_bs2_ctx1024_data_zeros,2657.74
23,llama8Bshort_runner_pc0_bs32_ctx1024_data_zeros,2670.0
23,llama8Bshort_runner_pc0_bs4_ctx1024_data_zeros,2693.37
23,llama8Bshort_runner_pc0_bs64_ctx1024_data_zeros,2669.11
23,llama8Bshort_runner_pc0_bs8_ctx1024_data_zeros,2669.55
24,llama8Bshort_runner_pc0_bs128_ctx1024_data_zeros,2756.23
24,llama8Bshort_runner_pc0_bs16_ctx1024_data_zeros,2696.96
24,llama8Bshort_runner_pc0_bs1_ctx1024_data_zeros,2853.01
24,llama8Bshort_runner_pc0_bs2_ctx1024_data_zeros,2745.35
24,llama8Bshort_runner_pc0_bs32_ctx1024_data_zeros,2781.0
24,llama8Bshort_runner_pc0_bs4_ctx1024_data_zeros,2769.2
24,llama8Bshort_runner_pc0_bs64_ctx1024_data_zeros,2793.05
24,llama8Bshort_runner_pc0_bs8_ctx1024_data_zeros,2745.34
25,llama8Bshort_runner_pc0_bs128_ctx1024_data_zeros,2745.12
25,llama8Bshort_runner_pc0_bs16_ctx1024_data_zeros,2757.16
25,llama8Bshort_runner_pc0_bs1_ctx1024_data_zeros,2878.28
25,llama8Bshort_runner_pc0_bs2_ctx1024_data_zeros,2721.7
25,llama8Bshort_runner_pc0_bs32_ctx1024_data_zeros,2733.29
25,llama8Bshort_runner_pc0_bs4_ctx1024_data_zeros,2722.16
25,llama8Bshort_runner_pc0_bs64_ctx1024_data_zeros,2781.69
25,llama8Bshort_runner_pc0_bs8_ctx1024_data_zeros,2733.31
26,llama8Bshort_runner_pc0_bs128_ctx1024_data_zeros,2900.93
26,llama8Bshort_runner_pc0_bs16_ctx1024_data_zeros,2852.3
26,llama8Bshort_runner_pc0_bs1_ctx1024_data_zeros,2792.58
26,llama8Bshort_runner_pc0_bs2_ctx1024_data_zeros,2828.46
26,llama8Bshort_runner_pc0_bs32_ctx1024_data_zeros,2851.36
26,llama8Bshort_runner_pc0_bs4_ctx1024_data_zeros,2828.22
26,llama8Bshort_runner_pc0_bs64_ctx1024_data_zeros,2852.3
26,llama8Bshort_runner_pc0_bs8_ctx1024_data_zeros,2852.04
27,llama8Bshort_runner_pc0_bs128_ctx1024_data_zeros,2839.8
27,llama8Bshort_runner_pc0_bs16_ctx1024_data_zeros,2828.22
27,llama8Bshort_runner_pc0_bs1_ctx1024_data_zeros,2839.55
27,llama8Bshort_runner_pc0_bs2_ctx1024_data_zeros,2768.74
27,llama8Bshort_runner_pc0_bs32_ctx1024_data_zeros,2827.52
27,llama8Bshort_runner_pc0_bs4_ctx1024_data_zeros,2804.14
27,llama8Bshort_runner_pc0_bs64_ctx1024_data_zeros,2793.05
27,llama8Bshort_runner_pc0_bs8_ctx1024_data_zeros,2805.09
28,llama8Bshort_runner_pc0_bs128_ctx1024_data_zeros,2609.22
28,llama8Bshort_runner_pc0_bs16_ctx1024_data_zeros,2572.71
28,llama8Bshort_runner_pc0_bs1_ctx1024_data_zeros,2596.32
28,llama8Bshort_runner_pc0_bs2_ctx1024_data_zeros,2621.46
28,llama8Bshort_runner_pc0_bs32_ctx1024_data_zeros,2597.84
28,llama8Bshort_runner_pc0_bs4_ctx1024_data_zeros,2585.17
28,llama8Bshort_runner_pc0_bs64_ctx1024_data_zeros,2584.74
28,llama8Bshort_runner_pc0_bs8_ctx1024_data_zeros,2585.15
29,llama8Bshort_runner_pc0_bs128_ctx1024_data_zeros,2646.16
29,llama8Bshort_runner_pc0_bs16_ctx1024_data_zeros,2634.34
29,llama8Bshort_runner_pc0_bs1_ctx1024_data_zeros,2730.13
29,llama8Bshort_runner_pc0_bs2_ctx1024_data_zeros,2681.78
29,llama8Bshort_runner_pc0_bs32_ctx1024_data_zeros,2670.0
29,llama8Bshort_runner_pc0_bs4_ctx1024_data_zeros,2645.94
29,llama8Bshort_runner_pc0_bs64_ctx1024_data_zeros,2646.39
29,llama8Bshort_runner_pc0_bs8_ctx1024_data_zeros,2633.7
30,llama8Bshort_runner_pc0_bs128_ctx1024_data_zeros,3282.01
30,llama8Bshort_runner_pc0_bs16_ctx1024_data_zeros,3208.54
30,llama8Bshort_runner_pc0_bs1_ctx1024_data_zeros,3160.99
30,llama8Bshort_runner_pc0_bs2_ctx1024_data_zeros,3185.03
30,llama8Bshort_runner_pc0_bs32_ctx1024_data_zeros,3185.04
30,llama8Bshort_runner_pc0_bs4_ctx1024_data_zeros,3184.79
30,llama8Bshort_runner_pc0_bs64_ctx1024_data_zeros,3208.8
30,llama8Bshort_runner_pc0_bs8_ctx1024_data_zeros,3184.78
31,llama8Bshort_runner_pc0_bs128_ctx1024_data_zeros,3233.93
31,llama8Bshort_runner_pc0_bs16_ctx1024_data_zeros,3233.12
31,llama8Bshort_runner_pc0_bs1_ctx1024_data_zeros,3305.5
31,llama8Bshort_runner_pc0_bs2_ctx1024_data_zeros,3281.46
31,llama8Bshort_runner_pc0_bs32_ctx1024_data_zeros,3281.46
31,llama8Bshort_runner_pc0_bs4_ctx1024_data_zeros,3220.83
31,llama8Bshort_runner_pc0_bs64_ctx1024_data_zeros,3209.6
31,llama8Bshort_runner_pc0_bs8_ctx1024_data_zeros,3245.4
32,llama8Bshort_runner_pc0_bs128_ctx1024_data_zeros,3305.5
32,llama8Bshort_runner_pc0_bs16_ctx1024_data_zeros,3270.53
32,llama8Bshort_runner_pc0_bs1_ctx1024_data_zeros,3270.53
32,llama8Bshort_runner_pc0_bs2_ctx1024_data_zeros,3271.35
32,llama8Bshort_runner_pc0_bs32_ctx1024_data_zeros,3294.03
32,llama8Bshort_runner_pc0_bs4_ctx1024_data_zeros,3270.25
32,llama8Bshort_runner_pc0_bs64_ctx1024_data_zeros,3269.71
32,llama8Bshort_runner_pc0_bs8_ctx1024_data_zeros,3306.06
33,llama8Bshort_runner_pc0_bs128_ctx1024_data_zeros,3211.74
33,llama8Bshort_runner_pc0_bs16_ctx1024_data_zeros,3258.77
33,llama8Bshort_runner_pc0_bs1_ctx1024_data_zeros,3283.65
33,llama8Bshort_runner_pc0_bs2_ctx1024_data_zeros,3308.52
33,llama8Bshort_runner_pc0_bs32_ctx1024_data_zeros,3306.6
33,llama8Bshort_runner_pc0_bs4_ctx1024_data_zeros,3260.13
33,llama8Bshort_runner_pc0_bs64_ctx1024_data_zeros,3356.08
33,llama8Bshort_runner_pc0_bs8_ctx1024_data_zeros,3320.28
34,llama8Bshort_runner_pc0_bs128_ctx1024_data_zeros,2954.71
34,llama8Bshort_runner_pc0_bs16_ctx1024_data_zeros,2918.43
34,llama8Bshort_runner_pc0_bs1_ctx1024_data_zeros,2942.7
34,llama8Bshort_runner_pc0_bs2_ctx1024_data_zeros,2918.43
34,llama8Bshort_runner_pc0_bs32_ctx1024_data_zeros,2966.71
34,llama8Bshort_runner_pc0_bs4_ctx1024_data_zeros,2990.49
34,llama8Bshort_runner_pc0_bs64_ctx1024_data_zeros,2954.46
34,llama8Bshort_runner_pc0_bs8_ctx1024_data_zeros,2918.19
35,llama8Bshort_runner_pc0_bs128_ctx1024_data_zeros,2930.19
35,llama8Bshort_runner_pc0_bs16_ctx1024_data_zeros,2930.44
35,llama8Bshort_runner_pc0_bs1_ctx1024_data_zeros,2966.47
35,llama8Bshort_runner_pc0_bs2_ctx1024_data_zeros,2930.44
35,llama8Bshort_runner_pc0_bs32_ctx1024_data_zeros,2978.48
35,llama8Bshort_runner_pc0_bs4_ctx1024_data_zeros,2978.23
35,llama8Bshort_runner_pc0_bs64_ctx1024_data_zeros,2978.49
35,llama8Bshort_runner_pc0_bs8_ctx1024_data_zeros,2990.49
